concept_id,concept_name,domain_id,vocabulary_id,concept_class_id,standard_concept,concept_code,valid_start_date,valid_end_date,invalid_reason
36769498,FNCLCC Histologic Grade 1,Measurement,Cancer Modifier,Staging/Grading,S,OMOP4999175,8/28/2023,12/31/2099,
36769950,FNCLCC Histologic Grade 2,Measurement,Cancer Modifier,Staging/Grading,S,OMOP4999627,8/28/2023,12/31/2099,
36770080,FNCLCC Histologic Grade 3,Measurement,Cancer Modifier,Staging/Grading,S,OMOP4999758,8/28/2023,12/31/2099,
45876316,Stage IIA,Meas Value,LOINC,Answer,,LA3660-3,1/1/1970,12/31/2099,
45880108,Stage IVA,Meas Value,LOINC,Answer,,LA3650-4,1/1/1970,12/31/2099,
45884285,Stage IIIB,Meas Value,LOINC,Answer,,LA3655-3,1/1/1970,12/31/2099,
46237084,Stage IIE,Meas Value,LOINC,Answer,,LA21794-5,1/1/1970,12/31/2099,
46238005,Stage IVE,Meas Value,LOINC,Answer,,LA21802-6,1/1/1970,12/31/2099,
45878382,Stage IIC,Meas Value,LOINC,Answer,,LA3658-7,1/1/1970,12/31/2099,
45880980,Stage I,Meas Value,LOINC,Answer,,LA3664-5,1/1/1970,12/31/2099,
45880986,Stage IVS,Meas Value,LOINC,Answer,,LA3648-8,1/1/1970,12/31/2099,
45881605,Stage 0A,Meas Value,LOINC,Answer,,LA4322-9,1/1/1970,12/31/2099,
45878395,Stage IIIE,Meas Value,LOINC,Answer,,LA3652-0,1/1/1970,12/31/2099,
45878652,Stage IC,Meas Value,LOINC,Answer,,LA4316-1,1/1/1970,12/31/2099,
45880979,Stage II,Meas Value,LOINC,Answer,,LA3661-1,1/1/1970,12/31/2099,
45882494,Stage IA2,Meas Value,LOINC,Answer,,LA4319-5,1/1/1970,12/31/2099,
45882496,Stage 0is,Meas Value,LOINC,Answer,,LA4321-1,1/1/1970,12/31/2099,
46237085,Stage IIS,Meas Value,LOINC,Answer,,LA21847-1,1/1/1970,12/31/2099,
45878383,Stage IA,Meas Value,LOINC,Answer,,LA3663-7,1/1/1970,12/31/2099,
45880109,Stage IV,Meas Value,LOINC,Answer,,LA3651-2,1/1/1970,12/31/2099,
45880978,Stage IIIA,Meas Value,LOINC,Answer,,LA3656-1,1/1/1970,12/31/2099,
46237998,Stage IIIS,Meas Value,LOINC,Answer,,LA21800-0,1/1/1970,12/31/2099,
45881606,Stage IB2,Meas Value,LOINC,Answer,,LA4317-9,1/1/1970,12/31/2099,
45881608,Stage IIIC,Meas Value,LOINC,Answer,,LA3654-6,1/1/1970,12/31/2099,
45884283,Stage IS,Meas Value,LOINC,Answer,,LA4315-3,1/1/1970,12/31/2099,
45884284,Stage 0,Meas Value,LOINC,Answer,,LA4323-7,1/1/1970,12/31/2099,
46237079,Stage 2A2,Meas Value,LOINC,Answer,,LA21793-7,1/1/1970,12/31/2099,
46237488,Stage 3C1,Meas Value,LOINC,Answer,,LA21795-2,1/1/1970,12/31/2099,
45876314,Stage IVC,Meas Value,LOINC,Answer,,LA4314-6,1/1/1970,12/31/2099,
45877986,Unknown,Meas Value,LOINC,Answer,,LA4489-6,1/1/1970,12/31/2099,
45882495,Stage IA1,Meas Value,LOINC,Answer,,LA4320-3,1/1/1970,12/31/2099,
45876315,Stage IVB,Meas Value,LOINC,Answer,,LA3649-6,1/1/1970,12/31/2099,
45876317,Stage IB,Meas Value,LOINC,Answer,,LA3662-9,1/1/1970,12/31/2099,
46237997,Stage 2A1,Meas Value,LOINC,Answer,,LA21792-9,1/1/1970,12/31/2099,
46238004,Stage 3C2,Meas Value,LOINC,Answer,,LA21796-0,1/1/1970,12/31/2099,
45878643,Stage III,Meas Value,LOINC,Answer,,LA3657-9,1/1/1970,12/31/2099,
45880981,Not applicable (no AJCC staging scheme),Meas Value,LOINC,Answer,,LA4703-0,1/1/1970,12/31/2099,
45881607,Stage IB1,Meas Value,LOINC,Answer,,LA4318-7,1/1/1970,12/31/2099,
45882497,Stage IIB,Meas Value,LOINC,Answer,,LA3659-5,1/1/1970,12/31/2099,
46237073,Stage IE,Meas Value,LOINC,Answer,,LA21791-1,1/1/1970,12/31/2099,
46237479,Stage IIIC2,Meas Value,LOINC,Answer,,LA21871-1,1/1/1970,12/31/2099,
45880113,Stage T1B1,Meas Value,LOINC,Answer,,LA4485-4,1/1/1970,12/31/2099,
45881619,Stage T1A1,Meas Value,LOINC,Answer,,LA4401-1,1/1/1970,12/31/2099,
45878387,Stage T1B,Meas Value,LOINC,Answer,,LA4371-6,1/1/1970,12/31/2099,
45878651,Occult,Meas Value,LOINC,Answer,,LA4744-4,1/1/1970,12/31/2099,
46237068,Stage IVA2,Meas Value,LOINC,Answer,,LA21850-5,1/1/1970,12/31/2099,
45878653,"Recurrent, unstaged, unknown, Stage X",Meas Value,LOINC,Answer,,LA4391-4,1/1/1970,12/31/2099,
46237478,Stage IIA2,Meas Value,LOINC,Answer,,LA21845-5,1/1/1970,12/31/2099,
46237999,Stage IIA1,Meas Value,LOINC,Answer,,LA21844-8,1/1/1970,12/31/2099,
46238000,Stage IVA1,Meas Value,LOINC,Answer,,LA21872-9,1/1/1970,12/31/2099,
45880112,Stage T1B2,Meas Value,LOINC,Answer,,LA4484-7,1/1/1970,12/31/2099,
45882501,Stage T1A2,Meas Value,LOINC,Answer,,LA4284-1,1/1/1970,12/31/2099,
46237081,Stage IIIC1,Meas Value,LOINC,Answer,,LA21848-9,1/1/1970,12/31/2099,
35919468,IS,Meas Value,NAACCR,NAACCR Value,,910@1S,1/1/1970,12/31/2099,
35919532,IVB,Meas Value,NAACCR,NAACCR Value,,910@4B,1/1/1970,12/31/2099,
35919887,IIIA,Meas Value,NAACCR,NAACCR Value,,910@3A,1/1/1970,12/31/2099,
35919075,IB2,Meas Value,NAACCR,NAACCR Value,,910@1B2,1/1/1970,12/31/2099,
35919280,IIA2,Meas Value,NAACCR,NAACCR Value,,910@2A2,1/1/1970,12/31/2099,
35919467,IIA,Meas Value,NAACCR,NAACCR Value,,910@2A,1/1/1970,12/31/2099,
35919723,IIA1,Meas Value,NAACCR,NAACCR Value,,910@2A1,1/1/1970,12/31/2099,
35919761,IIIC,Meas Value,NAACCR,NAACCR Value,,910@3C,1/1/1970,12/31/2099,
35919866,IIIB,Meas Value,NAACCR,NAACCR Value,,910@3B,1/1/1970,12/31/2099,
35919086,IA1,Meas Value,NAACCR,NAACCR Value,,910@1A1,1/1/1970,12/31/2099,
35919447,IV,Meas Value,NAACCR,NAACCR Value,,910@4,1/1/1970,12/31/2099,
35919469,IIIC1,Meas Value,NAACCR,NAACCR Value,,910@3C1,1/1/1970,12/31/2099,
35919649,IVA2,Meas Value,NAACCR,NAACCR Value,,910@4A2,1/1/1970,12/31/2099,
35919295,IB,Meas Value,NAACCR,NAACCR Value,,910@1B,1/1/1970,12/31/2099,
35919511,0a,Meas Value,NAACCR,NAACCR Value,,910@0A,1/1/1970,12/31/2099,
35919522,IC,Meas Value,NAACCR,NAACCR Value,,910@1C,1/1/1970,12/31/2099,
35919551,IA,Meas Value,NAACCR,NAACCR Value,,910@1A,1/1/1970,12/31/2099,
35919154,IVA,Meas Value,NAACCR,NAACCR Value,,910@4A,1/1/1970,12/31/2099,
35919571,II,Meas Value,NAACCR,NAACCR Value,,910@2,1/1/1970,12/31/2099,
35919695,0is,Meas Value,NAACCR,NAACCR Value,,910@0IS,1/1/1970,12/31/2099,
35919776,IIC,Meas Value,NAACCR,NAACCR Value,,910@2C,1/1/1970,12/31/2099,
35919088,I,Meas Value,NAACCR,NAACCR Value,,910@1,1/1/1970,12/31/2099,
35919249,IIB,Meas Value,NAACCR,NAACCR Value,,910@2B,1/1/1970,12/31/2099,
35919331,0,Meas Value,NAACCR,NAACCR Value,,910@0,1/1/1970,12/31/2099,
35919560,IB1,Meas Value,NAACCR,NAACCR Value,,910@1B1,1/1/1970,12/31/2099,
35919707,IIIC2,Meas Value,NAACCR,NAACCR Value,,910@3C2,1/1/1970,12/31/2099,
35919875,IVA1,Meas Value,NAACCR,NAACCR Value,,910@4A1,1/1/1970,12/31/2099,
35919110,III,Meas Value,NAACCR,NAACCR Value,,910@3,1/1/1970,12/31/2099,
35919421,IVC,Meas Value,NAACCR,NAACCR Value,,910@4C,1/1/1970,12/31/2099,
35919662,IA2,Meas Value,NAACCR,NAACCR Value,,910@1A2,1/1/1970,12/31/2099,
35919029,IIIA,Meas Value,NAACCR,NAACCR Value,,970@3A,1/1/1970,12/31/2099,
35919288,IIA1,Meas Value,NAACCR,NAACCR Value,,970@2A1,1/1/1970,12/31/2099,
35919592,IVC,Meas Value,NAACCR,NAACCR Value,,970@4C,1/1/1970,12/31/2099,
35919772,IIA2,Meas Value,NAACCR,NAACCR Value,,970@2A2,1/1/1970,12/31/2099,
35919208,IB,Meas Value,NAACCR,NAACCR Value,,970@1B,1/1/1970,12/31/2099,
35919580,IIIC1,Meas Value,NAACCR,NAACCR Value,,970@3C1,1/1/1970,12/31/2099,
35919625,I,Meas Value,NAACCR,NAACCR Value,,970@1,1/1/1970,12/31/2099,
35919243,IV,Meas Value,NAACCR,NAACCR Value,,970@4,1/1/1970,12/31/2099,
35919572,II,Meas Value,NAACCR,NAACCR Value,,970@2,1/1/1970,12/31/2099,
35919676,IIC,Meas Value,NAACCR,NAACCR Value,,970@2C,1/1/1970,12/31/2099,
35919191,0is,Meas Value,NAACCR,NAACCR Value,,970@0IS,1/1/1970,12/31/2099,
35919890,0a,Meas Value,NAACCR,NAACCR Value,,970@0A,1/1/1970,12/31/2099,
35919323,IA2,Meas Value,NAACCR,NAACCR Value,,970@1A2,1/1/1970,12/31/2099,
35919400,IVA2,Meas Value,NAACCR,NAACCR Value,,970@4A2,1/1/1970,12/31/2099,
35919535,IIIC2,Meas Value,NAACCR,NAACCR Value,,970@3C2,1/1/1970,12/31/2099,
35919732,IB2,Meas Value,NAACCR,NAACCR Value,,970@1B2,1/1/1970,12/31/2099,
35919047,0,Meas Value,NAACCR,NAACCR Value,,970@0,1/1/1970,12/31/2099,
35919204,IA1,Meas Value,NAACCR,NAACCR Value,,970@1A1,1/1/1970,12/31/2099,
35919636,IVA1,Meas Value,NAACCR,NAACCR Value,,970@4A1,1/1/1970,12/31/2099,
35919878,IIB,Meas Value,NAACCR,NAACCR Value,,970@2B,1/1/1970,12/31/2099,
35919065,III,Meas Value,NAACCR,NAACCR Value,,970@3,1/1/1970,12/31/2099,
35919193,IIA,Meas Value,NAACCR,NAACCR Value,,970@2A,1/1/1970,12/31/2099,
35919230,IA,Meas Value,NAACCR,NAACCR Value,,970@1A,1/1/1970,12/31/2099,
35919361,IVA,Meas Value,NAACCR,NAACCR Value,,970@4A,1/1/1970,12/31/2099,
35919378,IS,Meas Value,NAACCR,NAACCR Value,,970@1S,1/1/1970,12/31/2099,
35919828,IVB,Meas Value,NAACCR,NAACCR Value,,970@4B,1/1/1970,12/31/2099,
35919093,IIIB,Meas Value,NAACCR,NAACCR Value,,970@3B,1/1/1970,12/31/2099,
35919239,IC,Meas Value,NAACCR,NAACCR Value,,970@1C,1/1/1970,12/31/2099,
35919537,IB1,Meas Value,NAACCR,NAACCR Value,,970@1B1,1/1/1970,12/31/2099,
35919810,IIIC,Meas Value,NAACCR,NAACCR Value,,970@3C,1/1/1970,12/31/2099,
35919901,Occult,Meas Value,NAACCR,NAACCR Value,,910@OC,1/1/1970,12/31/2099,
35919521,Occult,Meas Value,NAACCR,NAACCR Value,,970@OC,1/1/1970,12/31/2099,
35919533,Stage Unknown,Meas Value,NAACCR,NAACCR Value,,910@99,1/1/1970,12/31/2099,
35919835,Stage Unknown,Meas Value,NAACCR,NAACCR Value,,970@99,1/1/1970,12/31/2099,
4127500,Stage 0,Observation,SNOMED,Qualifier Value,,261613009,01/31/2002,12/31/2099,
4127610,Stage 0a,Observation,SNOMED,Qualifier Value,,261644000,01/31/2002,12/31/2099,
4130413,Stage 0is,Observation,SNOMED,Qualifier Value,,261645004,01/31/2002,12/31/2099,
4121054,Stage 1,Observation,SNOMED,Qualifier Value,,258215001,01/31/2002,12/31/2099,
4129913,Stage 1A,Observation,SNOMED,Qualifier Value,,261634002,01/31/2002,12/31/2099,
4128454,Stage 1A1,Observation,SNOMED,Qualifier Value,,261632003,01/31/2002,12/31/2099,
4128455,Stage 1A2,Observation,SNOMED,Qualifier Value,,261633008,01/31/2002,12/31/2099,
718590,Stage 1A3,Observation,OMOP Extension,Qualifier Value,,OMOP5036261,01/19/2021,12/31/2099,
4130411,Stage 1B,Observation,SNOMED,Qualifier Value,,261635001,01/31/2002,12/31/2099,
4193457,Stage 1B1,Observation,SNOMED,Qualifier Value,,313114009,01/31/2002,12/31/2099,
4196557,Stage 1B2,Observation,SNOMED,Qualifier Value,,313112008,01/31/2002,12/31/2099,
4127607,Stage 1C,Observation,SNOMED,Qualifier Value,,261636000,01/31/2002,12/31/2099,
4196564,Stage 1S,Observation,SNOMED,Qualifier Value,,313143001,01/31/2002,12/31/2099,
4127609,Stage 1m,Observation,SNOMED,Qualifier Value,,261641008,01/31/2002,12/31/2099,
4106768,Stage 2,Observation,SNOMED,Qualifier Value,,258219007,01/31/2002,12/31/2099,
4127501,Stage 2A,Observation,SNOMED,Qualifier Value,,261614003,01/31/2002,12/31/2099,
4128450,Stage 2B,Observation,SNOMED,Qualifier Value,,261615002,01/31/2002,12/31/2099,
4127608,Stage 2C,Observation,SNOMED,Qualifier Value,,261637009,01/31/2002,12/31/2099,
4121176,Stage 3,Observation,SNOMED,Qualifier Value,,258224005,01/31/2002,12/31/2099,
4128456,Stage 3A,Observation,SNOMED,Qualifier Value,,261638004,01/31/2002,12/31/2099,
4129914,Stage 3B,Observation,SNOMED,Qualifier Value,,261639007,01/31/2002,12/31/2099,
4128457,Stage 3C,Observation,SNOMED,Qualifier Value,,261640009,01/31/2002,12/31/2099,
4123017,Stage 4,Observation,SNOMED,Qualifier Value,,258228008,01/31/2002,12/31/2099,
4129915,Stage 4A,Observation,SNOMED,Qualifier Value,,261642001,01/31/2002,12/31/2099,
4130412,Stage 4B,Observation,SNOMED,Qualifier Value,,261643006,01/31/2002,12/31/2099,
4196439,Stage 4C,Observation,SNOMED,Qualifier Value,,313046007,01/31/2002,12/31/2099,
4127502,Stage 4S,Observation,SNOMED,Qualifier Value,,261616001,01/31/2002,12/31/2099,
4127503,Stage 5,Observation,SNOMED,Qualifier Value,,261617005,01/31/2002,12/31/2099,
3188117,Stage 6,Observation,Nebraska Lexicon,Qualifier Value,,839681000000000,03/26/2019,12/31/2099,
4128451,Stage A,Observation,SNOMED,Qualifier Value,,261618000,01/31/2002,12/31/2099,
4130407,Stage A1,Observation,SNOMED,Qualifier Value,,261619008,01/31/2002,12/31/2099,
4130408,Stage A2,Observation,SNOMED,Qualifier Value,,261620002,01/31/2002,12/31/2099,
4130409,Stage B,Observation,SNOMED,Qualifier Value,,261621003,01/31/2002,12/31/2099,
4129910,Stage B1,Observation,SNOMED,Qualifier Value,,261622005,01/31/2002,12/31/2099,
4127504,Stage B2,Observation,SNOMED,Qualifier Value,,261624006,01/31/2002,12/31/2099,
4129912,Stage B3,Observation,SNOMED,Qualifier Value,,261625007,01/31/2002,12/31/2099,
4130410,Stage C,Observation,SNOMED,Qualifier Value,,261626008,01/31/2002,12/31/2099,
4127505,Stage C1,Observation,SNOMED,Qualifier Value,,261627004,01/31/2002,12/31/2099,
4128452,Stage C2,Observation,SNOMED,Qualifier Value,,261628009,01/31/2002,12/31/2099,
4127506,Stage C3,Observation,SNOMED,Qualifier Value,,261629001,01/31/2002,12/31/2099,
4164075,Stage D,Observation,SNOMED,Qualifier Value,,272406001,01/31/2002,12/31/2099,
4128453,Stage D1,Observation,SNOMED,Qualifier Value,,261630006,01/31/2002,12/31/2099,
4127606,Stage D2,Observation,SNOMED,Qualifier Value,,261631005,01/31/2002,12/31/2099,
4130406,Stages,Observation,SNOMED,Qualifier Value,,261612004,01/31/2002,12/31/2099,
3019275,Grade Cancer,Measurement,LOINC,Clinical Observation,,21858-6,1/1/1970,12/31/2099,
45878621,Grade I,Meas Value,LOINC,Answer,,LA3967-2,1/1/1970,12/31/2099,
45878622,Grade IV,Meas Value,LOINC,Answer,,LA3982-1,1/1/1970,12/31/2099,
45881582,"Grade/differentiation unknown, not stated, or not applicable",Meas Value,LOINC,Answer,,LA3983-9,1/1/1970,12/31/2099,
45880956,Grade II,Meas Value,LOINC,Answer,,LA3992-0,1/1/1970,12/31/2099,
45880086,Grade III,Meas Value,LOINC,Answer,,LA4027-4,1/1/1970,12/31/2099,
45884263,Code - not defined in code system,Meas Value,LOINC,Answer,,LA4158-7,1/1/1970,12/31/2099,
45880955,B-cell,Meas Value,LOINC,Answer,,LA4275-9,1/1/1970,12/31/2099,
45881581,T-cell,Meas Value,LOINC,Answer,,LA4470-6,1/1/1970,12/31/2099,
45876292,NK (natural killer) cell,Meas Value,LOINC,Answer,,LA4573-7,1/1/1970,12/31/2099,
45878362,Null cell,Meas Value,LOINC,Answer,,LA4748-5,1/1/1970,12/31/2099,
40762604,Grade pathology value Cancer,Measurement,LOINC,Clinical Observation,,59542-1,4/22/2010,12/31/2099,
45885239,Recorded as Grade I or 1,Meas Value,LOINC,Answer,,LA13398-5,1/1/1970,12/31/2099,
45885240,Recorded as Grade II or 2,Meas Value,LOINC,Answer,,LA13399-3,1/1/1970,12/31/2099,
45884439,Recorded as Grade III or 3,Meas Value,LOINC,Answer,,LA13400-9,1/1/1970,12/31/2099,
45882267,Recorded as Grade IV or 4,Meas Value,LOINC,Answer,,LA13401-7,1/1/1970,12/31/2099,
36210138,Complete response (Grade 0 - No viable cancer cells),Meas Value,LOINC,Answer,,LA26538-1,1/1/1970,12/31/2099,
3031227,Grade ICD-O-1 Cancer,Measurement,LOINC,Clinical Observation,,42632-0,1/1/1970,12/31/2099,
40762603,Grade pathology system Cancer,Measurement,LOINC,Clinical Observation,,59541-3,4/22/2010,12/31/2099,
3047285,Histologic grade [Score] in Breast cancer specimen by Nottingham,Measurement,LOINC,Lab Test,,44648-4,3/13/2006,12/31/2099,
1616648,Histologic grade in Endometrial cancer specimen Qualitative,Measurement,LOINC,Lab Test,,98252-0,8/23/2021,12/31/2099,
3046328,Histology grade [Identifier] in Cancer specimen,Measurement,LOINC,Lab Test,,33732-9,1/1/1970,12/31/2099,
40769833,Histopathologic grade for primary colorectal cancer [PhenX],Observation,LOINC,Clinical Observation,,67202-2,7/6/2011,12/31/2099,
40769829,ICD-O-2 cancer classification - grade [PhenX],Observation,LOINC,Clinical Observation,,67198-2,7/6/2011,12/31/2099,
36210716,Mminimal response (Grade 2 - Residual cancer outgrown by fibrosis),Meas Value,LOINC,Answer,,LA26540-7,1/1/1970,12/31/2099,
36210185,Moderate response (Grade 1 - Single cells or small groups of cancer cells),Meas Value,LOINC,Answer,,LA26539-9,1/1/1970,12/31/2099,
36660206,Prostate cancer grade group [Score] in Prostate tumor Qualitative,Measurement,LOINC,Lab Test,,94734-1,6/17/2020,12/31/2099,
36660173,Prostate cancer grade group basis [Type] in Prostate tumor,Measurement,LOINC,Lab Test,,94739-0,6/17/2020,12/31/2099,
35919970,5% or less of a non-squamous or non-morular solid growth pattern (Grade 1),Meas Value,NAACCR,NAACCR Value,,corpus_carcinoma@2861@001,1/1/1970,12/31/2099,
35929477,5% or less of a non-squamous or non-morular solid growth pattern (Grade 1),Meas Value,NAACCR,NAACCR Value,,corpus_sarcoma@2861@001,1/1/1970,12/31/2099,
35933238,5% or less of a non-squamous or non-morular solid growth pattern (Grade 1),Meas Value,NAACCR,NAACCR Value,,corpus_adenosarcoma@2861@001,1/1/1970,12/31/2099,
35921723,6% to 50% of a non-squamous or non-morular solid growth pattern (Grade 2),Meas Value,NAACCR,NAACCR Value,,corpus_sarcoma@2861@002,1/1/1970,12/31/2099,
35926865,6% to 50% of a non-squamous or non-morular solid growth pattern (Grade 2),Meas Value,NAACCR,NAACCR Value,,corpus_carcinoma@2861@002,1/1/1970,12/31/2099,
35929799,6% to 50% of a non-squamous or non-morular solid growth pattern (Grade 2),Meas Value,NAACCR,NAACCR Value,,corpus_adenosarcoma@2861@002,1/1/1970,12/31/2099,
35920260,"Carcinoma in situ (intraepithelial, noninvasive, preinvasive)|Cervical intraepithelial neoplasia (CIN) Grade III",Meas Value,NAACCR,NAACCR Value,,cervix@2880@987,1/1/1970,12/31/2099,
35929801,Cervical intraepithelial neoplasia (CIN) Grade III,Meas Value,NAACCR,NAACCR Value,,cervix@2810@010,1/1/1970,12/31/2099,
35930359,Clinically abnormal peripheral lymph node(s) |AND histopathologically Dutch grade 1 or NCI LN 0-2:| Clone negative||Stated as N1a with no other information on regional lymph nodes,Meas Value,NAACCR,NAACCR Value,,mycosis_fungoides@2830@115,1/1/1970,12/31/2099,
35930798,Clinically abnormal peripheral lymph node(s) |AND histopathologically Dutch grade 1 or NCI LN 0-2:| Clone positive||Stated as N1b with no other information on regional lymph nodes,Meas Value,NAACCR,NAACCR Value,,mycosis_fungoides@2830@125,1/1/1970,12/31/2099,
35937307,Clinically abnormal peripheral lymph node(s) |AND histopathologically Dutch grade 1 or NCI LN 0-2:| Clone unknown,Meas Value,NAACCR,NAACCR Value,,mycosis_fungoides@2830@135,1/1/1970,12/31/2099,
35921328,Clinically abnormal peripheral lymph node(s) |AND histopathologically Dutch grade 2 or NCI LN 3:| Clone negative||Stated as N2a with no other information on regional lymph nodes,Meas Value,NAACCR,NAACCR Value,,mycosis_fungoides@2830@215,1/1/1970,12/31/2099,
35934680,Clinically abnormal peripheral lymph node(s) |AND histopathologically Dutch grade 2 or NCI LN 3:| Clone positive||Stated as N2b with no other information on regional lymph nodes,Meas Value,NAACCR,NAACCR Value,,mycosis_fungoides@2830@225,1/1/1970,12/31/2099,
35936429,Clinically abnormal peripheral lymph node(s) |AND histopathologically Dutch grade 2 or NCI LN 3:| Clone unknown,Meas Value,NAACCR,NAACCR Value,,mycosis_fungoides@2830@235,1/1/1970,12/31/2099,
35939580,"Clinically abnormal peripheral lymph node(s), histopathologically confirmed |BUT Dutch grade and NCI LN grade unknown:| Clone positive, negative or unknown",Meas Value,NAACCR,NAACCR Value,,mycosis_fungoides@2830@405,1/1/1970,12/31/2099,
35940179,Clinically abnormal peripheral lymph nodes |AND histopathologically Dutch grades 3-4 or NCI LN 4:| Clone positive or negative or unknown||Stated as N3 with no other information on regional lymph nodes,Meas Value,NAACCR,NAACCR Value,,mycosis_fungoides@2830@315,1/1/1970,12/31/2099,
35927351,Clinically abnormal peripheral lymph nodes|- Pathologically Dutch grade 1 or NCI LN 0-2 |- Clone positive,Meas Value,NAACCR,NAACCR Value,,mycosis_fungoides@774@200,1/1/1970,12/31/2099,
35933129,Clinically abnormal peripheral lymph nodes|- Pathologically Dutch grade 1 or NCI LN 0-2|- Clone negative,Meas Value,NAACCR,NAACCR Value,,mycosis_fungoides@774@100,1/1/1970,12/31/2099,
35939481,"Clinically abnormal peripheral lymph nodes|- Pathologically Dutch grade 1 or NCI LN 0-2|- Clone unknown OR||Dutch grade and NCI LN grade unknown |- Clone positive, negative, or unknown",Meas Value,NAACCR,NAACCR Value,,mycosis_fungoides@774@300,1/1/1970,12/31/2099,
35924039,Clinically abnormal peripheral lymph nodes|- Pathologically Dutch grade 2 or NCI LN 3 |- Clone positive,Meas Value,NAACCR,NAACCR Value,,mycosis_fungoides@774@500,1/1/1970,12/31/2099,
35925068,Clinically abnormal peripheral lymph nodes|- Pathologically Dutch grade 2 or NCI LN 3 |- Clone unknown,Meas Value,NAACCR,NAACCR Value,,mycosis_fungoides@774@600,1/1/1970,12/31/2099,
35921353,Clinically abnormal peripheral lymph nodes|- Pathologically Dutch grade 2 or NCI LN 3|- Clone negative,Meas Value,NAACCR,NAACCR Value,,mycosis_fungoides@774@400,1/1/1970,12/31/2099,
35931796,"Clinically abnormal peripheral lymph nodes|- Pathologically Dutch grades 3-4 or NCI LN 4 |- Clone positive or negative or unknown||Central nodes|- Pathologically Dutch grades 3-4 or NCI LN 4|- Clone positive, negative, or unknown",Meas Value,NAACCR,NAACCR Value,,mycosis_fungoides@774@700,1/1/1970,12/31/2099,
35926523,Clinically normal peripheral lymph node(s) |AND histopathologically Dutch grade 1 or NCI LN 0-2:| Clone negative,Meas Value,NAACCR,NAACCR Value,,mycosis_fungoides@2830@110,1/1/1970,12/31/2099,
35932747,Clinically normal peripheral lymph node(s) |AND histopathologically Dutch grade 1 or NCI LN 0-2:| Clone positive,Meas Value,NAACCR,NAACCR Value,,mycosis_fungoides@2830@120,1/1/1970,12/31/2099,
35923118,Clinically normal peripheral lymph node(s) |AND histopathologically Dutch grade 1 or NCI LN 0-2:| Clone unknown,Meas Value,NAACCR,NAACCR Value,,mycosis_fungoides@2830@130,1/1/1970,12/31/2099,
35935005,Clinically normal peripheral lymph node(s) |AND histopathologically Dutch grade 2 or NCI LN 3:| Clone negative,Meas Value,NAACCR,NAACCR Value,,mycosis_fungoides@2830@210,1/1/1970,12/31/2099,
35931164,Clinically normal peripheral lymph node(s) |AND histopathologically Dutch grade 2 or NCI LN 3:| Clone positive,Meas Value,NAACCR,NAACCR Value,,mycosis_fungoides@2830@220,1/1/1970,12/31/2099,
35934294,Clinically normal peripheral lymph node(s) |AND histopathologically Dutch grade 2 or NCI LN 3:| Clone unknown,Meas Value,NAACCR,NAACCR Value,,mycosis_fungoides@2830@230,1/1/1970,12/31/2099,
35922355,"Clinically normal peripheral lymph node(s), histopathologically confirmed |BUT Dutch grade and NCI LN grade unknown:| Clone positive, negative or unknown",Meas Value,NAACCR,NAACCR Value,,mycosis_fungoides@2830@400,1/1/1970,12/31/2099,
35936724,Clinically normal peripheral lymph nodes |AND histopathologically Dutch grades 3-4 or NCI LN 4:| Clone positive or negative or unknown,Meas Value,NAACCR,NAACCR Value,,mycosis_fungoides@2830@310,1/1/1970,12/31/2099,
35924603,"Code 100 with high grade (i.e., grade 3 or sarcomatoid)",Meas Value,NAACCR,NAACCR Value,,penis@772@150,1/1/1970,12/31/2099,
35941810,Four-Grade System,Meas Value,NAACCR,NAACCR Value,,449@4,1/1/1970,12/31/2099,
35917160,Fuhrman Nuclear Grade,Measurement,NAACCR,NAACCR Variable,,kidney_parenchyma@2930,1/1/1970,12/31/2099,
35918328,Grade,Measurement,NAACCR,NAACCR Variable,,440,1/1/1970,12/31/2099,
35917557,Grade - Melanoma Origin,Measurement,NAACCR,NAACCR Variable,,melanoma_conjunctiva@2900,1/1/1970,12/31/2099,
35918542,Grade Clinical,Measurement,NAACCR,NAACCR Variable,,3843,1/1/1970,12/31/2099,
35918437,Grade Path System,Measurement,NAACCR,NAACCR Variable,,449,1/1/1970,12/31/2099,
35918842,Grade Path Value,Measurement,NAACCR,NAACCR Variable,,441,1/1/1970,12/31/2099,
35918640,Grade Pathological,Measurement,NAACCR,NAACCR Variable,,3844,1/1/1970,12/31/2099,
35918519,Grade Post Therapy,Measurement,NAACCR,NAACCR Variable,,3845,1/1/1970,12/31/2099,
35928475,Grade X|Unknown or no information|Not documented in patient record,Meas Value,NAACCR,NAACCR Value,,melanoma_conjunctiva@2900@999,1/1/1970,12/31/2099,
35919954,Grade cannot be assessed (GX); Unknown,Meas Value,NAACCR,NAACCR Value,,appendix@3843@9,1/1/1970,12/31/2099,
35920028,Grade cannot be assessed (GX); Unknown,Meas Value,NAACCR,NAACCR Value,,bone_pelvis@3844@9,1/1/1970,12/31/2099,
35920085,Grade cannot be assessed (GX); Unknown,Meas Value,NAACCR,NAACCR Value,,soft_tissue_trunk_extremities@3845@9,1/1/1970,12/31/2099,
35920143,Grade cannot be assessed (GX); Unknown,Meas Value,NAACCR,NAACCR Value,,adrenal_gland@3843@9,1/1/1970,12/31/2099,
35920146,Grade cannot be assessed (GX); Unknown,Meas Value,NAACCR,NAACCR Value,,anus@3844@9,1/1/1970,12/31/2099,
35920179,Grade cannot be assessed (GX); Unknown,Meas Value,NAACCR,NAACCR Value,,fallopian_tube@3843@9,1/1/1970,12/31/2099,
35920224,Grade cannot be assessed (GX); Unknown,Meas Value,NAACCR,NAACCR Value,,net_pancreas@3843@9,1/1/1970,12/31/2099,
35920251,Grade cannot be assessed (GX); Unknown,Meas Value,NAACCR,NAACCR Value,,colon_rectum@3844@9,1/1/1970,12/31/2099,
35920610,Grade cannot be assessed (GX); Unknown,Meas Value,NAACCR,NAACCR Value,,maxillary_sinus@3845@9,1/1/1970,12/31/2099,
35920860,Grade cannot be assessed (GX); Unknown,Meas Value,NAACCR,NAACCR Value,,larynx_supraglottic@3844@9,1/1/1970,12/31/2099,
35920989,Grade cannot be assessed (GX); Unknown,Meas Value,NAACCR,NAACCR Value,,soft_tissue_trunk_extremities@3844@9,1/1/1970,12/31/2099,
35921091,Grade cannot be assessed (GX); Unknown,Meas Value,NAACCR,NAACCR Value,,conjunctiva@3844@9,1/1/1970,12/31/2099,
35921152,Grade cannot be assessed (GX); Unknown,Meas Value,NAACCR,NAACCR Value,,penis@3843@9,1/1/1970,12/31/2099,
35921160,Grade cannot be assessed (GX); Unknown,Meas Value,NAACCR,NAACCR Value,,lacrimal_gland@3843@9,1/1/1970,12/31/2099,
35921183,Grade cannot be assessed (GX); Unknown,Meas Value,NAACCR,NAACCR Value,,lung@3843@9,1/1/1970,12/31/2099,
35921230,Grade cannot be assessed (GX); Unknown,Meas Value,NAACCR,NAACCR Value,,cns_other@3844@9,1/1/1970,12/31/2099,
35921250,Grade cannot be assessed (GX); Unknown,Meas Value,NAACCR,NAACCR Value,,ampulla_vater@3845@9,1/1/1970,12/31/2099,
35921403,Grade cannot be assessed (GX); Unknown,Meas Value,NAACCR,NAACCR Value,,brain@3844@9,1/1/1970,12/31/2099,
35921747,Grade cannot be assessed (GX); Unknown,Meas Value,NAACCR,NAACCR Value,,net_stomach@3844@9,1/1/1970,12/31/2099,
35921784,Grade cannot be assessed (GX); Unknown,Meas Value,NAACCR,NAACCR Value,,ovary@3844@9,1/1/1970,12/31/2099,
35921870,Grade cannot be assessed (GX); Unknown,Meas Value,NAACCR,NAACCR Value,,vulva@3845@9,1/1/1970,12/31/2099,
35921886,Grade cannot be assessed (GX); Unknown,Meas Value,NAACCR,NAACCR Value,,breast@3845@9,1/1/1970,12/31/2099,
35922090,Grade cannot be assessed (GX); Unknown,Meas Value,NAACCR,NAACCR Value,,ampulla_vater@3844@9,1/1/1970,12/31/2099,
35922140,Grade cannot be assessed (GX); Unknown,Meas Value,NAACCR,NAACCR Value,,stomach@3845@9,1/1/1970,12/31/2099,
35922141,Grade cannot be assessed (GX); Unknown,Meas Value,NAACCR,NAACCR Value,,maxillary_sinus@3844@9,1/1/1970,12/31/2099,
35922150,Grade cannot be assessed (GX); Unknown,Meas Value,NAACCR,NAACCR Value,,palate_hard@3843@9,1/1/1970,12/31/2099,
35922174,Grade cannot be assessed (GX); Unknown,Meas Value,NAACCR,NAACCR Value,,kidney_parenchyma@3844@9,1/1/1970,12/31/2099,
35922313,Grade cannot be assessed (GX); Unknown,Meas Value,NAACCR,NAACCR Value,,bile_ducts_perihilar@3844@9,1/1/1970,12/31/2099,
35922337,Grade cannot be assessed (GX); Unknown,Meas Value,NAACCR,NAACCR Value,,adrenal_gland@3844@9,1/1/1970,12/31/2099,
35922348,Grade cannot be assessed (GX); Unknown,Meas Value,NAACCR,NAACCR Value,,palate_hard@3845@9,1/1/1970,12/31/2099,
35922400,Grade cannot be assessed (GX); Unknown,Meas Value,NAACCR,NAACCR Value,,net_appendix@3845@9,1/1/1970,12/31/2099,
35922411,Grade cannot be assessed (GX); Unknown,Meas Value,NAACCR,NAACCR Value,,larynx_other@3844@9,1/1/1970,12/31/2099,
35922505,Grade cannot be assessed (GX); Unknown,Meas Value,NAACCR,NAACCR Value,,heart_mediastinum_pleura@3843@9,1/1/1970,12/31/2099,
35922591,Grade cannot be assessed (GX); Unknown,Meas Value,NAACCR,NAACCR Value,,soft_tissue_abdomen_thoracic@3845@9,1/1/1970,12/31/2099,
35922626,Grade cannot be assessed (GX); Unknown,Meas Value,NAACCR,NAACCR Value,,breast@3843@9,1/1/1970,12/31/2099,
35922730,Grade cannot be assessed (GX); Unknown,Meas Value,NAACCR,NAACCR Value,,corpus_sarcoma@3845@9,1/1/1970,12/31/2099,
35922962,Grade cannot be assessed (GX); Unknown,Meas Value,NAACCR,NAACCR Value,,primary_peritoneal_carcinoma@3843@9,1/1/1970,12/31/2099,
35922988,Grade cannot be assessed (GX); Unknown,Meas Value,NAACCR,NAACCR Value,,bile_ducts_intrahepat@3845@9,1/1/1970,12/31/2099,
35922993,Grade cannot be assessed (GX); Unknown,Meas Value,NAACCR,NAACCR Value,,urethra@3844@9,1/1/1970,12/31/2099,
35923048,Grade cannot be assessed (GX); Unknown,Meas Value,NAACCR,NAACCR Value,,bile_ducts_intrahepat@3843@9,1/1/1970,12/31/2099,
35923057,Grade cannot be assessed (GX); Unknown,Meas Value,NAACCR,NAACCR Value,,soft_tissue_other@3844@9,1/1/1970,12/31/2099,
35923088,Grade cannot be assessed (GX); Unknown,Meas Value,NAACCR,NAACCR Value,,larynx_supraglottic@3845@9,1/1/1970,12/31/2099,
35923132,Grade cannot be assessed (GX); Unknown,Meas Value,NAACCR,NAACCR Value,,corpus_carcinoma@3844@9,1/1/1970,12/31/2099,
35923253,Grade cannot be assessed (GX); Unknown,Meas Value,NAACCR,NAACCR Value,,net_colon_rectum@3844@9,1/1/1970,12/31/2099,
35923337,Grade cannot be assessed (GX); Unknown,Meas Value,NAACCR,NAACCR Value,,vulva@3844@9,1/1/1970,12/31/2099,
35923339,Grade cannot be assessed (GX); Unknown,Meas Value,NAACCR,NAACCR Value,,hypopharynx@3844@9,1/1/1970,12/31/2099,
35923388,Grade cannot be assessed (GX); Unknown,Meas Value,NAACCR,NAACCR Value,,retroperitoneum@3845@9,1/1/1970,12/31/2099,
35923649,Grade cannot be assessed (GX); Unknown,Meas Value,NAACCR,NAACCR Value,,net_jejunum_ileum@3844@9,1/1/1970,12/31/2099,
35923915,Grade cannot be assessed (GX); Unknown,Meas Value,NAACCR,NAACCR Value,,net_stomach@3843@9,1/1/1970,12/31/2099,
35923977,Grade cannot be assessed (GX); Unknown,Meas Value,NAACCR,NAACCR Value,,bile_ducts_perihilar@3843@9,1/1/1970,12/31/2099,
35923983,Grade cannot be assessed (GX); Unknown,Meas Value,NAACCR,NAACCR Value,,maxillary_sinus@3843@9,1/1/1970,12/31/2099,
35924009,Grade cannot be assessed (GX); Unknown,Meas Value,NAACCR,NAACCR Value,,lip@3843@9,1/1/1970,12/31/2099,
35924031,Grade cannot be assessed (GX); Unknown,Meas Value,NAACCR,NAACCR Value,,net_duodenum@3843@9,1/1/1970,12/31/2099,
35924130,Grade cannot be assessed (GX); Unknown,Meas Value,NAACCR,NAACCR Value,,larynx_supraglottic@3843@9,1/1/1970,12/31/2099,
35924162,Grade cannot be assessed (GX); Unknown,Meas Value,NAACCR,NAACCR Value,,anus@3843@9,1/1/1970,12/31/2099,
35924254,Grade cannot be assessed (GX); Unknown,Meas Value,NAACCR,NAACCR Value,,soft_tissue_other@3845@9,1/1/1970,12/31/2099,
35924257,Grade cannot be assessed (GX); Unknown,Meas Value,NAACCR,NAACCR Value,,esophagus_gejunction@3845@9,1/1/1970,12/31/2099,
35924416,Grade cannot be assessed (GX); Unknown,Meas Value,NAACCR,NAACCR Value,,larynx_subglottic@3844@9,1/1/1970,12/31/2099,
35924479,Grade cannot be assessed (GX); Unknown,Meas Value,NAACCR,NAACCR Value,,buccal_mucosa@3843@9,1/1/1970,12/31/2099,
35924520,Grade cannot be assessed (GX); Unknown,Meas Value,NAACCR,NAACCR Value,,kaposi_sarcoma@3844@9,1/1/1970,12/31/2099,
35924622,Grade cannot be assessed (GX); Unknown,Meas Value,NAACCR,NAACCR Value,,net_pancreas@3844@9,1/1/1970,12/31/2099,
35924848,Grade cannot be assessed (GX); Unknown,Meas Value,NAACCR,NAACCR Value,,corpus_sarcoma@3844@9,1/1/1970,12/31/2099,
35924927,Grade cannot be assessed (GX); Unknown,Meas Value,NAACCR,NAACCR Value,,intracranial_gland@3845@9,1/1/1970,12/31/2099,
35924949,Grade cannot be assessed (GX); Unknown,Meas Value,NAACCR,NAACCR Value,,hypopharynx@3843@9,1/1/1970,12/31/2099,
35925158,Grade cannot be assessed (GX); Unknown,Meas Value,NAACCR,NAACCR Value,,cns_other@3843@9,1/1/1970,12/31/2099,
35925362,Grade cannot be assessed (GX); Unknown,Meas Value,NAACCR,NAACCR Value,,larynx_other@3843@9,1/1/1970,12/31/2099,
35925383,Grade cannot be assessed (GX); Unknown,Meas Value,NAACCR,NAACCR Value,,net_colon_rectum@3845@9,1/1/1970,12/31/2099,
35925568,Grade cannot be assessed (GX); Unknown,Meas Value,NAACCR,NAACCR Value,,gum@3845@9,1/1/1970,12/31/2099,
35925615,Grade cannot be assessed (GX); Unknown,Meas Value,NAACCR,NAACCR Value,,bone_appendicular_skeleton@3845@9,1/1/1970,12/31/2099,
35925622,Grade cannot be assessed (GX); Unknown,Meas Value,NAACCR,NAACCR Value,,orbital_sarcoma@3843@9,1/1/1970,12/31/2099,
35925690,Grade cannot be assessed (GX); Unknown,Meas Value,NAACCR,NAACCR Value,,ovary@3845@9,1/1/1970,12/31/2099,
35925742,Grade cannot be assessed (GX); Unknown,Meas Value,NAACCR,NAACCR Value,,vulva@3843@9,1/1/1970,12/31/2099,
35925857,Grade cannot be assessed (GX); Unknown,Meas Value,NAACCR,NAACCR Value,,cervix@3843@9,1/1/1970,12/31/2099,
35925969,Grade cannot be assessed (GX); Unknown,Meas Value,NAACCR,NAACCR Value,,esophagus_gejunction@3844@9,1/1/1970,12/31/2099,
35926215,Grade cannot be assessed (GX); Unknown,Meas Value,NAACCR,NAACCR Value,,vagina@3844@9,1/1/1970,12/31/2099,
35926216,Grade cannot be assessed (GX); Unknown,Meas Value,NAACCR,NAACCR Value,,bladder@3844@9,1/1/1970,12/31/2099,
35926329,Grade cannot be assessed (GX); Unknown,Meas Value,NAACCR,NAACCR Value,,tongue_anterior@3843@9,1/1/1970,12/31/2099,
35926594,Grade cannot be assessed (GX); Unknown,Meas Value,NAACCR,NAACCR Value,,urethra_prostatic@3845@9,1/1/1970,12/31/2099,
35926609,Grade cannot be assessed (GX); Unknown,Meas Value,NAACCR,NAACCR Value,,retinoblastoma@3843@9,1/1/1970,12/31/2099,
35926836,Grade cannot be assessed (GX); Unknown,Meas Value,NAACCR,NAACCR Value,,vagina@3843@9,1/1/1970,12/31/2099,
35926871,Grade cannot be assessed (GX); Unknown,Meas Value,NAACCR,NAACCR Value,,bladder@3845@9,1/1/1970,12/31/2099,
35926933,Grade cannot be assessed (GX); Unknown,Meas Value,NAACCR,NAACCR Value,,vagina@3845@9,1/1/1970,12/31/2099,
35926948,Grade cannot be assessed (GX); Unknown,Meas Value,NAACCR,NAACCR Value,,lacrimal_gland@3845@9,1/1/1970,12/31/2099,
35926976,Grade cannot be assessed (GX); Unknown,Meas Value,NAACCR,NAACCR Value,,palate_hard@3844@9,1/1/1970,12/31/2099,
35926992,Grade cannot be assessed (GX); Unknown,Meas Value,NAACCR,NAACCR Value,,urethra_prostatic@3843@9,1/1/1970,12/31/2099,
35927163,Grade cannot be assessed (GX); Unknown,Meas Value,NAACCR,NAACCR Value,,bile_ducts_distal@3844@9,1/1/1970,12/31/2099,
35927190,Grade cannot be assessed (GX); Unknown,Meas Value,NAACCR,NAACCR Value,,heart_mediastinum_pleura@3845@9,1/1/1970,12/31/2099,
35927208,Grade cannot be assessed (GX); Unknown,Meas Value,NAACCR,NAACCR Value,,bone_pelvis@3845@9,1/1/1970,12/31/2099,
35927238,Grade cannot be assessed (GX); Unknown,Meas Value,NAACCR,NAACCR Value,,cervix@3844@9,1/1/1970,12/31/2099,
35927240,Grade cannot be assessed (GX); Unknown,Meas Value,NAACCR,NAACCR Value,,esophagus_gejunction@3843@9,1/1/1970,12/31/2099,
35927266,Grade cannot be assessed (GX); Unknown,Meas Value,NAACCR,NAACCR Value,,soft_tissue_head_neck@3844@9,1/1/1970,12/31/2099,
35927297,Grade cannot be assessed (GX); Unknown,Meas Value,NAACCR,NAACCR Value,,floor_mouth@3845@9,1/1/1970,12/31/2099,
35927402,Grade cannot be assessed (GX); Unknown,Meas Value,NAACCR,NAACCR Value,,orbital_sarcoma@3844@9,1/1/1970,12/31/2099,
35927464,Grade cannot be assessed (GX); Unknown,Meas Value,NAACCR,NAACCR Value,,kidney_parenchyma@3843@9,1/1/1970,12/31/2099,
35927674,Grade cannot be assessed (GX); Unknown,Meas Value,NAACCR,NAACCR Value,,mouth_other@3844@9,1/1/1970,12/31/2099,
35927757,Grade cannot be assessed (GX); Unknown,Meas Value,NAACCR,NAACCR Value,,corpus_adenosarcoma@3844@9,1/1/1970,12/31/2099,
35927863,Grade cannot be assessed (GX); Unknown,Meas Value,NAACCR,NAACCR Value,,stomach@3844@9,1/1/1970,12/31/2099,
35927939,Grade cannot be assessed (GX); Unknown,Meas Value,NAACCR,NAACCR Value,,brain@3843@9,1/1/1970,12/31/2099,
35927962,Grade cannot be assessed (GX); Unknown,Meas Value,NAACCR,NAACCR Value,,bile_ducts_distal@3843@9,1/1/1970,12/31/2099,
35928255,Grade cannot be assessed (GX); Unknown,Meas Value,NAACCR,NAACCR Value,,liver@3844@9,1/1/1970,12/31/2099,
35928266,Grade cannot be assessed (GX); Unknown,Meas Value,NAACCR,NAACCR Value,,small_intestine@3843@9,1/1/1970,12/31/2099,
35928291,Grade cannot be assessed (GX); Unknown,Meas Value,NAACCR,NAACCR Value,,corpus_sarcoma@3843@9,1/1/1970,12/31/2099,
35928350,Grade cannot be assessed (GX); Unknown,Meas Value,NAACCR,NAACCR Value,,pleural_mesothelioma@3844@9,1/1/1970,12/31/2099,
35928360,Grade cannot be assessed (GX); Unknown,Meas Value,NAACCR,NAACCR Value,,net_jejunum_ileum@3843@9,1/1/1970,12/31/2099,
35928384,Grade cannot be assessed (GX); Unknown,Meas Value,NAACCR,NAACCR Value,,net_colon_rectum@3843@9,1/1/1970,12/31/2099,
35928409,Grade cannot be assessed (GX); Unknown,Meas Value,NAACCR,NAACCR Value,,liver@3843@9,1/1/1970,12/31/2099,
35928540,Grade cannot be assessed (GX); Unknown,Meas Value,NAACCR,NAACCR Value,,soft_tissue_trunk_extremities@3843@9,1/1/1970,12/31/2099,
35928600,Grade cannot be assessed (GX); Unknown,Meas Value,NAACCR,NAACCR Value,,heart_mediastinum_pleura@3844@9,1/1/1970,12/31/2099,
35928832,Grade cannot be assessed (GX); Unknown,Meas Value,NAACCR,NAACCR Value,,larynx_subglottic@3845@9,1/1/1970,12/31/2099,
35928840,Grade cannot be assessed (GX); Unknown,Meas Value,NAACCR,NAACCR Value,,urethra_prostatic@3844@9,1/1/1970,12/31/2099,
35928990,Grade cannot be assessed (GX); Unknown,Meas Value,NAACCR,NAACCR Value,,melanoma_choroid_ciliary_body@3843@9,1/1/1970,12/31/2099,
35929019,Grade cannot be assessed (GX); Unknown,Meas Value,NAACCR,NAACCR Value,,buccal_mucosa@3844@9,1/1/1970,12/31/2099,
35929132,Grade cannot be assessed (GX); Unknown,Meas Value,NAACCR,NAACCR Value,,cystic_duct@3844@9,1/1/1970,12/31/2099,
35929144,Grade cannot be assessed (GX); Unknown,Meas Value,NAACCR,NAACCR Value,,cutaneous_carcinoma_head_neck@3844@9,1/1/1970,12/31/2099,
35929318,Grade cannot be assessed (GX); Unknown,Meas Value,NAACCR,NAACCR Value,,soft_tissue_other@3843@9,1/1/1970,12/31/2099,
35929322,Grade cannot be assessed (GX); Unknown,Meas Value,NAACCR,NAACCR Value,,lacrimal_gland@3844@9,1/1/1970,12/31/2099,
35929414,Grade cannot be assessed (GX); Unknown,Meas Value,NAACCR,NAACCR Value,,skin_eyelid@3843@9,1/1/1970,12/31/2099,
35929474,Grade cannot be assessed (GX); Unknown,Meas Value,NAACCR,NAACCR Value,,oropharynx_p16_neg@3844@9,1/1/1970,12/31/2099,
35929479,Grade cannot be assessed (GX); Unknown,Meas Value,NAACCR,NAACCR Value,,larynx_other@3845@9,1/1/1970,12/31/2099,
35929742,Grade cannot be assessed (GX); Unknown,Meas Value,NAACCR,NAACCR Value,,esophagus_including_ge_junction_squamous@3844@9,1/1/1970,12/31/2099,
35929813,Grade cannot be assessed (GX); Unknown,Meas Value,NAACCR,NAACCR Value,,pancreas@3845@9,1/1/1970,12/31/2099,
35929857,Grade cannot be assessed (GX); Unknown,Meas Value,NAACCR,NAACCR Value,,ampulla_vater@3843@9,1/1/1970,12/31/2099,
35929938,Grade cannot be assessed (GX); Unknown,Meas Value,NAACCR,NAACCR Value,,parathyroid@3844@9,1/1/1970,12/31/2099,
35930010,Grade cannot be assessed (GX); Unknown,Meas Value,NAACCR,NAACCR Value,,gum@3844@9,1/1/1970,12/31/2099,
35930018,Grade cannot be assessed (GX); Unknown,Meas Value,NAACCR,NAACCR Value,,kidney_parenchyma@3845@9,1/1/1970,12/31/2099,
35930406,Grade cannot be assessed (GX); Unknown,Meas Value,NAACCR,NAACCR Value,,mouth_other@3843@9,1/1/1970,12/31/2099,
35930575,Grade cannot be assessed (GX); Unknown,Meas Value,NAACCR,NAACCR Value,,gum@3843@9,1/1/1970,12/31/2099,
35930611,Grade cannot be assessed (GX); Unknown,Meas Value,NAACCR,NAACCR Value,,melanoma_iris@3843@9,1/1/1970,12/31/2099,
35930874,Grade cannot be assessed (GX); Unknown,Meas Value,NAACCR,NAACCR Value,,cystic_duct@3843@9,1/1/1970,12/31/2099,
35930901,Grade cannot be assessed (GX); Unknown,Meas Value,NAACCR,NAACCR Value,,fallopian_tube@3844@9,1/1/1970,12/31/2099,
35930915,Grade cannot be assessed (GX); Unknown,Meas Value,NAACCR,NAACCR Value,,gallbladder@3845@9,1/1/1970,12/31/2099,
35930967,Grade cannot be assessed (GX); Unknown,Meas Value,NAACCR,NAACCR Value,,net_duodenum@3845@9,1/1/1970,12/31/2099,
35930994,Grade cannot be assessed (GX); Unknown,Meas Value,NAACCR,NAACCR Value,,larynx_glottic@3844@9,1/1/1970,12/31/2099,
35931147,Grade cannot be assessed (GX); Unknown,Meas Value,NAACCR,NAACCR Value,,melanoma_iris@3844@9,1/1/1970,12/31/2099,
35931194,Grade cannot be assessed (GX); Unknown,Meas Value,NAACCR,NAACCR Value,,pancreas@3843@9,1/1/1970,12/31/2099,
35931232,Grade cannot be assessed (GX); Unknown,Meas Value,NAACCR,NAACCR Value,,bone_spine@3843@9,1/1/1970,12/31/2099,
35931460,Grade cannot be assessed (GX); Unknown,Meas Value,NAACCR,NAACCR Value,,melanoma_choroid_ciliary_body@3844@9,1/1/1970,12/31/2099,
35931498,Grade cannot be assessed (GX); Unknown,Meas Value,NAACCR,NAACCR Value,,bile_ducts_intrahepat@3844@9,1/1/1970,12/31/2099,
35931542,Grade cannot be assessed (GX); Unknown,Meas Value,NAACCR,NAACCR Value,,lip@3844@9,1/1/1970,12/31/2099,
35931655,Grade cannot be assessed (GX); Unknown,Meas Value,NAACCR,NAACCR Value,,bile_ducts_distal@3845@9,1/1/1970,12/31/2099,
35931686,Grade cannot be assessed (GX); Unknown,Meas Value,NAACCR,NAACCR Value,,retroperitoneum@3844@9,1/1/1970,12/31/2099,
35931701,Grade cannot be assessed (GX); Unknown,Meas Value,NAACCR,NAACCR Value,,adrenal_gland@3845@9,1/1/1970,12/31/2099,
35931744,Grade cannot be assessed (GX); Unknown,Meas Value,NAACCR,NAACCR Value,,kidney_renal_pelvis@3845@9,1/1/1970,12/31/2099,
35931886,Grade cannot be assessed (GX); Unknown,Meas Value,NAACCR,NAACCR Value,,larynx_glottic@3845@9,1/1/1970,12/31/2099,
35931985,Grade cannot be assessed (GX); Unknown,Meas Value,NAACCR,NAACCR Value,,corpus_carcinoma@3845@9,1/1/1970,12/31/2099,
35932257,Grade cannot be assessed (GX); Unknown,Meas Value,NAACCR,NAACCR Value,,lip@3845@9,1/1/1970,12/31/2099,
35932339,Grade cannot be assessed (GX); Unknown,Meas Value,NAACCR,NAACCR Value,,appendix@3845@9,1/1/1970,12/31/2099,
35932470,Grade cannot be assessed (GX); Unknown,Meas Value,NAACCR,NAACCR Value,,soft_tissue_head_neck@3843@9,1/1/1970,12/31/2099,
35932517,Grade cannot be assessed (GX); Unknown,Meas Value,NAACCR,NAACCR Value,,bone_pelvis@3843@9,1/1/1970,12/31/2099,
35932624,Grade cannot be assessed (GX); Unknown,Meas Value,NAACCR,NAACCR Value,,nasal_cavity_ethmoid_sinus@3845@9,1/1/1970,12/31/2099,
35932669,Grade cannot be assessed (GX); Unknown,Meas Value,NAACCR,NAACCR Value,,retroperitoneum@3843@9,1/1/1970,12/31/2099,
35932754,Grade cannot be assessed (GX); Unknown,Meas Value,NAACCR,NAACCR Value,,cns_other@3845@9,1/1/1970,12/31/2099,
35932956,Grade cannot be assessed (GX); Unknown,Meas Value,NAACCR,NAACCR Value,,nasal_cavity_ethmoid_sinus@3844@9,1/1/1970,12/31/2099,
35932979,Grade cannot be assessed (GX); Unknown,Meas Value,NAACCR,NAACCR Value,,gallbladder@3843@9,1/1/1970,12/31/2099,
35933201,Grade cannot be assessed (GX); Unknown,Meas Value,NAACCR,NAACCR Value,,stomach@3843@9,1/1/1970,12/31/2099,
35933290,Grade cannot be assessed (GX); Unknown,Meas Value,NAACCR,NAACCR Value,,appendix@3844@9,1/1/1970,12/31/2099,
35933300,Grade cannot be assessed (GX); Unknown,Meas Value,NAACCR,NAACCR Value,,esophagus_including_ge_junction_squamous@3845@9,1/1/1970,12/31/2099,
35933312,Grade cannot be assessed (GX); Unknown,Meas Value,NAACCR,NAACCR Value,,floor_mouth@3844@9,1/1/1970,12/31/2099,
35933320,Grade cannot be assessed (GX); Unknown,Meas Value,NAACCR,NAACCR Value,,primary_peritoneal_carcinoma@3845@9,1/1/1970,12/31/2099,
35933399,Grade cannot be assessed (GX); Unknown,Meas Value,NAACCR,NAACCR Value,,net_ampulla@3845@9,1/1/1970,12/31/2099,
35933414,Grade cannot be assessed (GX); Unknown,Meas Value,NAACCR,NAACCR Value,,melanoma_iris@3845@9,1/1/1970,12/31/2099,
35933606,Grade cannot be assessed (GX); Unknown,Meas Value,NAACCR,NAACCR Value,,breast@3844@9,1/1/1970,12/31/2099,
35934022,Grade cannot be assessed (GX); Unknown,Meas Value,NAACCR,NAACCR Value,,pleural_mesothelioma@3843@9,1/1/1970,12/31/2099,
35934034,Grade cannot be assessed (GX); Unknown,Meas Value,NAACCR,NAACCR Value,,urethra@3845@9,1/1/1970,12/31/2099,
35934043,Grade cannot be assessed (GX); Unknown,Meas Value,NAACCR,NAACCR Value,,fallopian_tube@3845@9,1/1/1970,12/31/2099,
35934104,Grade cannot be assessed (GX); Unknown,Meas Value,NAACCR,NAACCR Value,,penis@3844@9,1/1/1970,12/31/2099,
35934160,Grade cannot be assessed (GX); Unknown,Meas Value,NAACCR,NAACCR Value,,kaposi_sarcoma@3845@9,1/1/1970,12/31/2099,
35934292,Grade cannot be assessed (GX); Unknown,Meas Value,NAACCR,NAACCR Value,,bone_appendicular_skeleton@3843@9,1/1/1970,12/31/2099,
35934374,Grade cannot be assessed (GX); Unknown,Meas Value,NAACCR,NAACCR Value,,soft_tissue_abdomen_thoracic@3844@9,1/1/1970,12/31/2099,
35934376,Grade cannot be assessed (GX); Unknown,Meas Value,NAACCR,NAACCR Value,,bladder@3843@9,1/1/1970,12/31/2099,
35934440,Grade cannot be assessed (GX); Unknown,Meas Value,NAACCR,NAACCR Value,,kidney_renal_pelvis@3844@9,1/1/1970,12/31/2099,
35934480,Grade cannot be assessed (GX); Unknown,Meas Value,NAACCR,NAACCR Value,,larynx_glottic@3843@9,1/1/1970,12/31/2099,
35934510,Grade cannot be assessed (GX); Unknown,Meas Value,NAACCR,NAACCR Value,,net_jejunum_ileum@3845@9,1/1/1970,12/31/2099,
35934757,Grade cannot be assessed (GX); Unknown,Meas Value,NAACCR,NAACCR Value,,net_duodenum@3844@9,1/1/1970,12/31/2099,
35934768,Grade cannot be assessed (GX); Unknown,Meas Value,NAACCR,NAACCR Value,,net_ampulla@3844@9,1/1/1970,12/31/2099,
35934878,Grade cannot be assessed (GX); Unknown,Meas Value,NAACCR,NAACCR Value,,cutaneous_carcinoma_head_neck@3843@9,1/1/1970,12/31/2099,
35934974,Grade cannot be assessed (GX); Unknown,Meas Value,NAACCR,NAACCR Value,,intracranial_gland@3843@9,1/1/1970,12/31/2099,
35935147,Grade cannot be assessed (GX); Unknown,Meas Value,NAACCR,NAACCR Value,,melanoma_choroid_ciliary_body@3845@9,1/1/1970,12/31/2099,
35935177,Grade cannot be assessed (GX); Unknown,Meas Value,NAACCR,NAACCR Value,,bone_spine@3844@9,1/1/1970,12/31/2099,
35935326,Grade cannot be assessed (GX); Unknown,Meas Value,NAACCR,NAACCR Value,,tongue_anterior@3844@9,1/1/1970,12/31/2099,
35935359,Grade cannot be assessed (GX); Unknown,Meas Value,NAACCR,NAACCR Value,,gallbladder@3844@9,1/1/1970,12/31/2099,
35935396,Grade cannot be assessed (GX); Unknown,Meas Value,NAACCR,NAACCR Value,,anus@3845@9,1/1/1970,12/31/2099,
35935422,Grade cannot be assessed (GX); Unknown,Meas Value,NAACCR,NAACCR Value,,kaposi_sarcoma@3843@9,1/1/1970,12/31/2099,
35935547,Grade cannot be assessed (GX); Unknown,Meas Value,NAACCR,NAACCR Value,,bile_ducts_perihilar@3845@9,1/1/1970,12/31/2099,
35936096,Grade cannot be assessed (GX); Unknown,Meas Value,NAACCR,NAACCR Value,,ovary@3843@9,1/1/1970,12/31/2099,
35936291,Grade cannot be assessed (GX); Unknown,Meas Value,NAACCR,NAACCR Value,,buccal_mucosa@3845@9,1/1/1970,12/31/2099,
35936327,Grade cannot be assessed (GX); Unknown,Meas Value,NAACCR,NAACCR Value,,urethra@3843@9,1/1/1970,12/31/2099,
35936389,Grade cannot be assessed (GX); Unknown,Meas Value,NAACCR,NAACCR Value,,parathyroid@3845@9,1/1/1970,12/31/2099,
35936559,Grade cannot be assessed (GX); Unknown,Meas Value,NAACCR,NAACCR Value,,brain@3845@9,1/1/1970,12/31/2099,
35936611,Grade cannot be assessed (GX); Unknown,Meas Value,NAACCR,NAACCR Value,,net_stomach@3845@9,1/1/1970,12/31/2099,
35936624,Grade cannot be assessed (GX); Unknown,Meas Value,NAACCR,NAACCR Value,,small_intestine@3844@9,1/1/1970,12/31/2099,
35936705,Grade cannot be assessed (GX); Unknown,Meas Value,NAACCR,NAACCR Value,,penis@3845@9,1/1/1970,12/31/2099,
35936834,Grade cannot be assessed (GX); Unknown,Meas Value,NAACCR,NAACCR Value,,cervix@3845@9,1/1/1970,12/31/2099,
35937095,Grade cannot be assessed (GX); Unknown,Meas Value,NAACCR,NAACCR Value,,net_appendix@3844@9,1/1/1970,12/31/2099,
35937128,Grade cannot be assessed (GX); Unknown,Meas Value,NAACCR,NAACCR Value,,retinoblastoma@3845@9,1/1/1970,12/31/2099,
35937171,Grade cannot be assessed (GX); Unknown,Meas Value,NAACCR,NAACCR Value,,net_appendix@3843@9,1/1/1970,12/31/2099,
35937204,Grade cannot be assessed (GX); Unknown,Meas Value,NAACCR,NAACCR Value,,bone_appendicular_skeleton@3844@9,1/1/1970,12/31/2099,
35937649,Grade cannot be assessed (GX); Unknown,Meas Value,NAACCR,NAACCR Value,,cystic_duct@3845@9,1/1/1970,12/31/2099,
35937792,Grade cannot be assessed (GX); Unknown,Meas Value,NAACCR,NAACCR Value,,orbital_sarcoma@3845@9,1/1/1970,12/31/2099,
35937967,Grade cannot be assessed (GX); Unknown,Meas Value,NAACCR,NAACCR Value,,intracranial_gland@3844@9,1/1/1970,12/31/2099,
35937993,Grade cannot be assessed (GX); Unknown,Meas Value,NAACCR,NAACCR Value,,bone_spine@3845@9,1/1/1970,12/31/2099,
35938153,Grade cannot be assessed (GX); Unknown,Meas Value,NAACCR,NAACCR Value,,pancreas@3844@9,1/1/1970,12/31/2099,
35938167,Grade cannot be assessed (GX); Unknown,Meas Value,NAACCR,NAACCR Value,,corpus_adenosarcoma@3843@9,1/1/1970,12/31/2099,
35938215,Grade cannot be assessed (GX); Unknown,Meas Value,NAACCR,NAACCR Value,,nasal_cavity_ethmoid_sinus@3843@9,1/1/1970,12/31/2099,
35938242,Grade cannot be assessed (GX); Unknown,Meas Value,NAACCR,NAACCR Value,,soft_tissue_abdomen_thoracic@3843@9,1/1/1970,12/31/2099,
35938280,Grade cannot be assessed (GX); Unknown,Meas Value,NAACCR,NAACCR Value,,conjunctiva@3843@9,1/1/1970,12/31/2099,
35938420,Grade cannot be assessed (GX); Unknown,Meas Value,NAACCR,NAACCR Value,,lung@3844@9,1/1/1970,12/31/2099,
35938653,Grade cannot be assessed (GX); Unknown,Meas Value,NAACCR,NAACCR Value,,net_pancreas@3845@9,1/1/1970,12/31/2099,
35938716,Grade cannot be assessed (GX); Unknown,Meas Value,NAACCR,NAACCR Value,,primary_peritoneal_carcinoma@3844@9,1/1/1970,12/31/2099,
35938780,Grade cannot be assessed (GX); Unknown,Meas Value,NAACCR,NAACCR Value,,corpus_carcinoma@3843@9,1/1/1970,12/31/2099,
35939129,Grade cannot be assessed (GX); Unknown,Meas Value,NAACCR,NAACCR Value,,esophagus_including_ge_junction_squamous@3843@9,1/1/1970,12/31/2099,
35939279,Grade cannot be assessed (GX); Unknown,Meas Value,NAACCR,NAACCR Value,,tongue_anterior@3845@9,1/1/1970,12/31/2099,
35939341,Grade cannot be assessed (GX); Unknown,Meas Value,NAACCR,NAACCR Value,,colon_rectum@3843@9,1/1/1970,12/31/2099,
35939419,Grade cannot be assessed (GX); Unknown,Meas Value,NAACCR,NAACCR Value,,larynx_subglottic@3843@9,1/1/1970,12/31/2099,
35939604,Grade cannot be assessed (GX); Unknown,Meas Value,NAACCR,NAACCR Value,,floor_mouth@3843@9,1/1/1970,12/31/2099,
35939647,Grade cannot be assessed (GX); Unknown,Meas Value,NAACCR,NAACCR Value,,skin_eyelid@3844@9,1/1/1970,12/31/2099,
35939679,Grade cannot be assessed (GX); Unknown,Meas Value,NAACCR,NAACCR Value,,oropharynx_p16_neg@3843@9,1/1/1970,12/31/2099,
35939717,Grade cannot be assessed (GX); Unknown,Meas Value,NAACCR,NAACCR Value,,soft_tissue_head_neck@3845@9,1/1/1970,12/31/2099,
35939934,Grade cannot be assessed (GX); Unknown,Meas Value,NAACCR,NAACCR Value,,retinoblastoma@3844@9,1/1/1970,12/31/2099,
35940098,Grade cannot be assessed (GX); Unknown,Meas Value,NAACCR,NAACCR Value,,net_ampulla@3843@9,1/1/1970,12/31/2099,
35940140,Grade cannot be assessed (GX); Unknown,Meas Value,NAACCR,NAACCR Value,,kidney_renal_pelvis@3843@9,1/1/1970,12/31/2099,
35940143,Grade cannot be assessed (GX); Unknown,Meas Value,NAACCR,NAACCR Value,,mouth_other@3845@9,1/1/1970,12/31/2099,
35940158,Grade cannot be assessed (GX); Unknown,Meas Value,NAACCR,NAACCR Value,,parathyroid@3843@9,1/1/1970,12/31/2099,
35927738,"Grade cannot be assessed (GX); Unknown |Not a follicular histology (9690/3, 9691/3, 9695/3, 9698/3)",Meas Value,NAACCR,NAACCR Value,,lymphoma_ocular_adnexa@3843@9,1/1/1970,12/31/2099,
35936591,"Grade cannot be assessed (GX); Unknown |Not a follicular histology (9690/3, 9691/3, 9695/3, 9698/3)",Meas Value,NAACCR,NAACCR Value,,lymphoma_ocular_adnexa@3844@9,1/1/1970,12/31/2099,
35936942,"Grade cannot be assessed (GX); Unknown |Not a follicular histology (9690/3, 9691/3, 9695/3, 9698/3)",Meas Value,NAACCR,NAACCR Value,,lymphoma_ocular_adnexa@3845@9,1/1/1970,12/31/2099,
35921264,Grade cannot be assessed (GX); Unknown |Not applicable,Meas Value,NAACCR,NAACCR Value,,liver@3845@9,1/1/1970,12/31/2099,
35929086,Grade cannot be assessed (GX); Unknown |Not applicable,Meas Value,NAACCR,NAACCR Value,,conjunctiva@3845@9,1/1/1970,12/31/2099,
35929512,Grade cannot be assessed (GX); Unknown |Not applicable,Meas Value,NAACCR,NAACCR Value,,oropharynx_p16_neg@3845@9,1/1/1970,12/31/2099,
35931401,Grade cannot be assessed (GX); Unknown |Not applicable,Meas Value,NAACCR,NAACCR Value,,lung@3845@9,1/1/1970,12/31/2099,
35932784,Grade cannot be assessed (GX); Unknown |Not applicable,Meas Value,NAACCR,NAACCR Value,,skin_eyelid@3845@9,1/1/1970,12/31/2099,
35933317,Grade cannot be assessed (GX); Unknown |Not applicable,Meas Value,NAACCR,NAACCR Value,,hypopharynx@3845@9,1/1/1970,12/31/2099,
35934134,Grade cannot be assessed (GX); Unknown |Not applicable,Meas Value,NAACCR,NAACCR Value,,small_intestine@3845@9,1/1/1970,12/31/2099,
35937340,Grade cannot be assessed (GX); Unknown |Not applicable,Meas Value,NAACCR,NAACCR Value,,corpus_adenosarcoma@3845@9,1/1/1970,12/31/2099,
35937404,Grade cannot be assessed (GX); Unknown |Not applicable,Meas Value,NAACCR,NAACCR Value,,colon_rectum@3845@9,1/1/1970,12/31/2099,
35937557,Grade cannot be assessed (GX); Unknown |Not applicable,Meas Value,NAACCR,NAACCR Value,,pleural_mesothelioma@3845@9,1/1/1970,12/31/2099,
35939253,Grade cannot be assessed (GX); Unknown |Not applicable,Meas Value,NAACCR,NAACCR Value,,cutaneous_carcinoma_head_neck@3845@9,1/1/1970,12/31/2099,
35914128,Grade cannot be assessed; Unknown,Meas Value,NAACCR,NAACCR Value,,gist@3845@9,1/1/1970,12/31/2099,
35919994,Grade cannot be assessed; Unknown,Meas Value,NAACCR,NAACCR Value,,ill_defined_other@3844@9,1/1/1970,12/31/2099,
35920126,Grade cannot be assessed; Unknown,Meas Value,NAACCR,NAACCR Value,,thyroid@3843@9,1/1/1970,12/31/2099,
35920270,Grade cannot be assessed; Unknown,Meas Value,NAACCR,NAACCR Value,,cervical_lymph_nodes_occult_head_neck@3844@9,1/1/1970,12/31/2099,
35920343,Grade cannot be assessed; Unknown,Meas Value,NAACCR,NAACCR Value,,prostate@3843@9,1/1/1970,12/31/2099,
35920573,Grade cannot be assessed; Unknown,Meas Value,NAACCR,NAACCR Value,,urinary_other@3844@9,1/1/1970,12/31/2099,
35920655,Grade cannot be assessed; Unknown,Meas Value,NAACCR,NAACCR Value,,adnexa_uterine_other@3843@9,1/1/1970,12/31/2099,
35921109,Grade cannot be assessed; Unknown,Meas Value,NAACCR,NAACCR Value,,net_adrenal_gland@3845@9,1/1/1970,12/31/2099,
35921133,Grade cannot be assessed; Unknown,Meas Value,NAACCR,NAACCR Value,,eye_other@3844@9,1/1/1970,12/31/2099,
35921137,Grade cannot be assessed; Unknown,Meas Value,NAACCR,NAACCR Value,,melanoma_head_neck@3845@9,1/1/1970,12/31/2099,
35921178,Grade cannot be assessed; Unknown,Meas Value,NAACCR,NAACCR Value,,major_salivary_glands@3844@9,1/1/1970,12/31/2099,
35921661,Grade cannot be assessed; Unknown,Meas Value,NAACCR,NAACCR Value,,thyroid_medullary@3843@9,1/1/1970,12/31/2099,
35922242,Grade cannot be assessed; Unknown,Meas Value,NAACCR,NAACCR Value,,adnexa_uterine_other@3845@9,1/1/1970,12/31/2099,
35922447,Grade cannot be assessed; Unknown,Meas Value,NAACCR,NAACCR Value,,testis@3845@9,1/1/1970,12/31/2099,
35922682,Grade cannot be assessed; Unknown,Meas Value,NAACCR,NAACCR Value,,oropharynx_hpv_mediated_p16_pos@3845@9,1/1/1970,12/31/2099,
35922904,Grade cannot be assessed; Unknown,Meas Value,NAACCR,NAACCR Value,,endocrine_other@3845@9,1/1/1970,12/31/2099,
35923135,Grade cannot be assessed; Unknown,Meas Value,NAACCR,NAACCR Value,,thymus@3843@9,1/1/1970,12/31/2099,
35923201,Grade cannot be assessed; Unknown,Meas Value,NAACCR,NAACCR Value,,prostate@3845@9,1/1/1970,12/31/2099,
35923810,Grade cannot be assessed; Unknown,Meas Value,NAACCR,NAACCR Value,,skin_other@3843@9,1/1/1970,12/31/2099,
35923852,Grade cannot be assessed; Unknown,Meas Value,NAACCR,NAACCR Value,,skin_other@3845@9,1/1/1970,12/31/2099,
35923904,Grade cannot be assessed; Unknown,Meas Value,NAACCR,NAACCR Value,,nasopharynx@3843@9,1/1/1970,12/31/2099,
35923956,Grade cannot be assessed; Unknown,Meas Value,NAACCR,NAACCR Value,,middle_ear@3845@9,1/1/1970,12/31/2099,
35923982,Grade cannot be assessed; Unknown,Meas Value,NAACCR,NAACCR Value,,trachea@3844@9,1/1/1970,12/31/2099,
35924261,Grade cannot be assessed; Unknown,Meas Value,NAACCR,NAACCR Value,,thyroid@3845@9,1/1/1970,12/31/2099,
35924267,Grade cannot be assessed; Unknown,Meas Value,NAACCR,NAACCR Value,,gist@3844@9,1/1/1970,12/31/2099,
35924286,Grade cannot be assessed; Unknown,Meas Value,NAACCR,NAACCR Value,,genital_female_other@3844@9,1/1/1970,12/31/2099,
35924411,Grade cannot be assessed; Unknown,Meas Value,NAACCR,NAACCR Value,,middle_ear@3843@9,1/1/1970,12/31/2099,
35924543,Grade cannot be assessed; Unknown,Meas Value,NAACCR,NAACCR Value,,melanoma_conjunctiva@3844@9,1/1/1970,12/31/2099,
35925128,Grade cannot be assessed; Unknown,Meas Value,NAACCR,NAACCR Value,,melanoma_conjunctiva@3843@9,1/1/1970,12/31/2099,
35925589,Grade cannot be assessed; Unknown,Meas Value,NAACCR,NAACCR Value,,eye_other@3845@9,1/1/1970,12/31/2099,
35926278,Grade cannot be assessed; Unknown,Meas Value,NAACCR,NAACCR Value,,sinus_other@3845@9,1/1/1970,12/31/2099,
35926364,Grade cannot be assessed; Unknown,Meas Value,NAACCR,NAACCR Value,,trachea@3845@9,1/1/1970,12/31/2099,
35927009,Grade cannot be assessed; Unknown,Meas Value,NAACCR,NAACCR Value,,biliary_other@3844@9,1/1/1970,12/31/2099,
35927285,Grade cannot be assessed; Unknown,Meas Value,NAACCR,NAACCR Value,,melanoma_skin@3845@9,1/1/1970,12/31/2099,
35927466,Grade cannot be assessed; Unknown,Meas Value,NAACCR,NAACCR Value,,respiratory_other@3845@9,1/1/1970,12/31/2099,
35928107,Grade cannot be assessed; Unknown,Meas Value,NAACCR,NAACCR Value,,thyroid_medullary@3845@9,1/1/1970,12/31/2099,
35928108,Grade cannot be assessed; Unknown,Meas Value,NAACCR,NAACCR Value,,cervical_lymph_nodes_occult_head_neck@3845@9,1/1/1970,12/31/2099,
35928541,Grade cannot be assessed; Unknown,Meas Value,NAACCR,NAACCR Value,,thymus@3844@9,1/1/1970,12/31/2099,
35928621,Grade cannot be assessed; Unknown,Meas Value,NAACCR,NAACCR Value,,ill_defined_other@3845@9,1/1/1970,12/31/2099,
35928825,Grade cannot be assessed; Unknown,Meas Value,NAACCR,NAACCR Value,,net_adrenal_gland@3844@9,1/1/1970,12/31/2099,
35928955,Grade cannot be assessed; Unknown,Meas Value,NAACCR,NAACCR Value,,merkel_cell_skin@3844@9,1/1/1970,12/31/2099,
35929088,Grade cannot be assessed; Unknown,Meas Value,NAACCR,NAACCR Value,,urinary_other@3843@9,1/1/1970,12/31/2099,
35929264,Grade cannot be assessed; Unknown,Meas Value,NAACCR,NAACCR Value,,nasopharynx@3844@9,1/1/1970,12/31/2099,
35929419,Grade cannot be assessed; Unknown,Meas Value,NAACCR,NAACCR Value,,respiratory_other@3843@9,1/1/1970,12/31/2099,
35929527,Grade cannot be assessed; Unknown,Meas Value,NAACCR,NAACCR Value,,testis@3843@9,1/1/1970,12/31/2099,
35930199,Grade cannot be assessed; Unknown,Meas Value,NAACCR,NAACCR Value,,thyroid_medullary@3844@9,1/1/1970,12/31/2099,
35930331,Grade cannot be assessed; Unknown,Meas Value,NAACCR,NAACCR Value,,lacrimal_sac@3845@9,1/1/1970,12/31/2099,
35930379,Grade cannot be assessed; Unknown,Meas Value,NAACCR,NAACCR Value,,ill_defined_other@3843@9,1/1/1970,12/31/2099,
35930456,Grade cannot be assessed; Unknown,Meas Value,NAACCR,NAACCR Value,,pharynx_other@3843@9,1/1/1970,12/31/2099,
35930465,Grade cannot be assessed; Unknown,Meas Value,NAACCR,NAACCR Value,,melanoma_skin@3844@9,1/1/1970,12/31/2099,
35930532,Grade cannot be assessed; Unknown,Meas Value,NAACCR,NAACCR Value,,major_salivary_glands@3843@9,1/1/1970,12/31/2099,
35930625,Grade cannot be assessed; Unknown,Meas Value,NAACCR,NAACCR Value,,sinus_other@3844@9,1/1/1970,12/31/2099,
35930700,Grade cannot be assessed; Unknown,Meas Value,NAACCR,NAACCR Value,,thyroid@3844@9,1/1/1970,12/31/2099,
35930783,Grade cannot be assessed; Unknown,Meas Value,NAACCR,NAACCR Value,,biliary_other@3845@9,1/1/1970,12/31/2099,
35930977,Grade cannot be assessed; Unknown,Meas Value,NAACCR,NAACCR Value,,genital_male_other@3843@9,1/1/1970,12/31/2099,
35931301,Grade cannot be assessed; Unknown,Meas Value,NAACCR,NAACCR Value,,biliary_other@3843@9,1/1/1970,12/31/2099,
35931717,Grade cannot be assessed; Unknown,Meas Value,NAACCR,NAACCR Value,,genital_male_other@3845@9,1/1/1970,12/31/2099,
35932083,Grade cannot be assessed; Unknown,Meas Value,NAACCR,NAACCR Value,,genital_male_other@3844@9,1/1/1970,12/31/2099,
35932786,Grade cannot be assessed; Unknown,Meas Value,NAACCR,NAACCR Value,,merkel_cell_skin@3843@9,1/1/1970,12/31/2099,
35933064,Grade cannot be assessed; Unknown,Meas Value,NAACCR,NAACCR Value,,oropharynx_hpv_mediated_p16_pos@3843@9,1/1/1970,12/31/2099,
35933343,Grade cannot be assessed; Unknown,Meas Value,NAACCR,NAACCR Value,,digestive_other@3844@9,1/1/1970,12/31/2099,
35933462,Grade cannot be assessed; Unknown,Meas Value,NAACCR,NAACCR Value,,middle_ear@3844@9,1/1/1970,12/31/2099,
35933617,Grade cannot be assessed; Unknown,Meas Value,NAACCR,NAACCR Value,,adnexa_uterine_other@3844@9,1/1/1970,12/31/2099,
35933638,Grade cannot be assessed; Unknown,Meas Value,NAACCR,NAACCR Value,,melanoma_skin@3843@9,1/1/1970,12/31/2099,
35933735,Grade cannot be assessed; Unknown,Meas Value,NAACCR,NAACCR Value,,melanoma_head_neck@3843@9,1/1/1970,12/31/2099,
35933764,Grade cannot be assessed; Unknown,Meas Value,NAACCR,NAACCR Value,,major_salivary_glands@3845@9,1/1/1970,12/31/2099,
35934218,Grade cannot be assessed; Unknown,Meas Value,NAACCR,NAACCR Value,,testis@3844@9,1/1/1970,12/31/2099,
35934266,Grade cannot be assessed; Unknown,Meas Value,NAACCR,NAACCR Value,,prostate@3844@9,1/1/1970,12/31/2099,
35934400,Grade cannot be assessed; Unknown,Meas Value,NAACCR,NAACCR Value,,skin_other@3844@9,1/1/1970,12/31/2099,
35934669,Grade cannot be assessed; Unknown,Meas Value,NAACCR,NAACCR Value,,melanoma_conjunctiva@3845@9,1/1/1970,12/31/2099,
35935013,Grade cannot be assessed; Unknown,Meas Value,NAACCR,NAACCR Value,,placenta@3843@9,1/1/1970,12/31/2099,
35935511,Grade cannot be assessed; Unknown,Meas Value,NAACCR,NAACCR Value,,placenta@3844@9,1/1/1970,12/31/2099,
35935691,Grade cannot be assessed; Unknown,Meas Value,NAACCR,NAACCR Value,,urinary_other@3845@9,1/1/1970,12/31/2099,
35935766,Grade cannot be assessed; Unknown,Meas Value,NAACCR,NAACCR Value,,endocrine_other@3843@9,1/1/1970,12/31/2099,
35936070,Grade cannot be assessed; Unknown,Meas Value,NAACCR,NAACCR Value,,eye_other@3843@9,1/1/1970,12/31/2099,
35936088,Grade cannot be assessed; Unknown,Meas Value,NAACCR,NAACCR Value,,gist@3843@9,1/1/1970,12/31/2099,
35936235,Grade cannot be assessed; Unknown,Meas Value,NAACCR,NAACCR Value,,pharynx_other@3845@9,1/1/1970,12/31/2099,
35936237,Grade cannot be assessed; Unknown,Meas Value,NAACCR,NAACCR Value,,net_adrenal_gland@3843@9,1/1/1970,12/31/2099,
35936259,Grade cannot be assessed; Unknown,Meas Value,NAACCR,NAACCR Value,,thymus@3845@9,1/1/1970,12/31/2099,
35936301,Grade cannot be assessed; Unknown,Meas Value,NAACCR,NAACCR Value,,pharynx_other@3844@9,1/1/1970,12/31/2099,
35936455,Grade cannot be assessed; Unknown,Meas Value,NAACCR,NAACCR Value,,cervical_lymph_nodes_occult_head_neck@3843@9,1/1/1970,12/31/2099,
35936579,Grade cannot be assessed; Unknown,Meas Value,NAACCR,NAACCR Value,,genital_female_other@3843@9,1/1/1970,12/31/2099,
35936690,Grade cannot be assessed; Unknown,Meas Value,NAACCR,NAACCR Value,,digestive_other@3843@9,1/1/1970,12/31/2099,
35936833,Grade cannot be assessed; Unknown,Meas Value,NAACCR,NAACCR Value,,merkel_cell_skin@3845@9,1/1/1970,12/31/2099,
35936839,Grade cannot be assessed; Unknown,Meas Value,NAACCR,NAACCR Value,,placenta@3845@9,1/1/1970,12/31/2099,
35936893,Grade cannot be assessed; Unknown,Meas Value,NAACCR,NAACCR Value,,oropharynx_hpv_mediated_p16_pos@3844@9,1/1/1970,12/31/2099,
35936961,Grade cannot be assessed; Unknown,Meas Value,NAACCR,NAACCR Value,,trachea@3843@9,1/1/1970,12/31/2099,
35936979,Grade cannot be assessed; Unknown,Meas Value,NAACCR,NAACCR Value,,nasopharynx@3845@9,1/1/1970,12/31/2099,
35937741,Grade cannot be assessed; Unknown,Meas Value,NAACCR,NAACCR Value,,melanoma_head_neck@3844@9,1/1/1970,12/31/2099,
35937750,Grade cannot be assessed; Unknown,Meas Value,NAACCR,NAACCR Value,,lacrimal_sac@3843@9,1/1/1970,12/31/2099,
35938675,Grade cannot be assessed; Unknown,Meas Value,NAACCR,NAACCR Value,,genital_female_other@3845@9,1/1/1970,12/31/2099,
35938994,Grade cannot be assessed; Unknown,Meas Value,NAACCR,NAACCR Value,,respiratory_other@3844@9,1/1/1970,12/31/2099,
35939323,Grade cannot be assessed; Unknown,Meas Value,NAACCR,NAACCR Value,,lacrimal_sac@3844@9,1/1/1970,12/31/2099,
35939364,Grade cannot be assessed; Unknown,Meas Value,NAACCR,NAACCR Value,,sinus_other@3843@9,1/1/1970,12/31/2099,
35939553,Grade cannot be assessed; Unknown,Meas Value,NAACCR,NAACCR Value,,digestive_other@3845@9,1/1/1970,12/31/2099,
35939751,Grade cannot be assessed; Unknown,Meas Value,NAACCR,NAACCR Value,,endocrine_other@3844@9,1/1/1970,12/31/2099,
35917462,Grade for Sarcomas,Measurement,NAACCR,NAACCR Variable,,soft_tissue@2880,1/1/1970,12/31/2099,
35917660,Grade for Sarcomas,Measurement,NAACCR,NAACCR Variable,,retroperitoneum@2880,1/1/1970,12/31/2099,
35917676,Grade for Sarcomas,Measurement,NAACCR,NAACCR Variable,,heart_mediastinum@2880,1/1/1970,12/31/2099,
35918197,Grade for Sarcomas,Measurement,NAACCR,NAACCR Variable,,peritoneum@2880,1/1/1970,12/31/2099,
35919765,"Grade/differentiation unknown, not stated, or not applicable",Meas Value,NAACCR,NAACCR Value,,440@9,1/1/1970,12/31/2099,
35930198,High grade urothelial carcinoma,Meas Value,NAACCR,NAACCR Value,,urethra@2880@020,1/1/1970,12/31/2099,
35920539,"In situ, intraepithelial, non-invasive, high-grade dysplasia|(Adeno)carcinoma, noninvasive, in a polyp",Meas Value,NAACCR,NAACCR Value,,esophagus_gejunction@772@000,1/1/1970,12/31/2099,
35924881,"In situ, intraepithelial, non-invasive, high-grade dysplasia|(Adeno)carcinoma, noninvasive, in a polyp",Meas Value,NAACCR,NAACCR Value,,esophagus_including_ge_junction_squamous@772@000,1/1/1970,12/31/2099,
35935582,"In situ, intraepithelial, non-invasive; high-grade dysplasia",Meas Value,NAACCR,NAACCR Value,,esophagus_gejunction@2810@000,1/1/1970,12/31/2099,
35939852,"In situ, intraepithelial, noninvasive |Intraductal tumor|Biliary intraepithelial neoplasia grade 3 (BiIIN-3)",Meas Value,NAACCR,NAACCR Value,,bile_ducts_intrahepat@772@000,1/1/1970,12/31/2099,
35933533,"In situ, intraepithelial, noninvasive, preinvasive|Cancer in situ WITH endocervical gland involvement||Cervical intraepithelial neoplasia (CIN) Grade III",Meas Value,NAACCR,NAACCR Value,,cervix@772@000,1/1/1970,12/31/2099,
35937667,"In situ, intraepithelial, noninvasive; high grade dysplasia",Meas Value,NAACCR,NAACCR Value,,esophagus@2810@000,1/1/1970,12/31/2099,
35926128,"In situ, intraepithelial, noninvasive|High-grade biliary intraepithelial neoplasia (BilIn-3)",Meas Value,NAACCR,NAACCR Value,,bile_ducts_distal@772@000,1/1/1970,12/31/2099,
35938036,"In situ, intraepithelial, noninvasive|High-grade biliary intraepithelial neoplasia (BilIn-3)",Meas Value,NAACCR,NAACCR Value,,bile_ducts_perihilar@772@000,1/1/1970,12/31/2099,
35934826,In situ: Noninvasive; intraepithelial|- High-grade pancreatic intraepithelial neoplasia (PanIn-3)|- Intraductal papillary mucinous neoplasm with high grade dysplasia|- Intraductal tubulopapillary neoplasm with high grade dysplasia|- Mucinous cystic neopl,Meas Value,NAACCR,NAACCR Value,,pancreas@772@000,1/1/1970,12/31/2099,
35929500,"In situ: noninfiltrating; intraepithelial|Intraductal WITHOUT infiltration|Lobular neoplasia, grade 3 (LIN 3)",Meas Value,NAACCR,NAACCR Value,,breast@772@000,1/1/1970,12/31/2099,
35930554,Limited to one fallopian tube AND|- No tumor on fallopian tube surface AND|- No malignant cells in ascites or peritoneal washings ||High-grade serous tubal intraepithelial carcinoma (STIC)||FIGO Stage IA,Meas Value,NAACCR,NAACCR Value,,fallopian_tube@772@100,1/1/1970,12/31/2099,
35935721,Limited to one ovary (capsule intact) AND|- No tumor on ovarian surface AND|- No malignant cells in ascites or peritoneal washings|- WITH or WITHOUT high-grade serous tubal intraepithelial carcinoma (STIC)||FIGO Stage IA,Meas Value,NAACCR,NAACCR Value,,ovary@772@100,1/1/1970,12/31/2099,
35921196,"Limited to penis|- WITH perineural and/or lymphovascular invasion|- WITH or WITHOUT high grade (i.e., grade 3 or sarcomatoid)",Meas Value,NAACCR,NAACCR Value,,penis@772@200,1/1/1970,12/31/2099,
35923524,"Limited to penis|- WITHOUT perineural and/or lymphovascular invasion|- WITH low grade (i.e., grade 1-2) or UNKNOWN grade",Meas Value,NAACCR,NAACCR Value,,penis@772@100,1/1/1970,12/31/2099,
35922266,Low grade: Grade 1-2,Meas Value,NAACCR,NAACCR Value,,lymphoma_ocular_adnexa@3843@L,1/1/1970,12/31/2099,
35933036,Low grade: Grade 1-2,Meas Value,NAACCR,NAACCR Value,,lymphoma_ocular_adnexa@3844@L,1/1/1970,12/31/2099,
35934154,Low grade: Grade 1-2,Meas Value,NAACCR,NAACCR Value,,lymphoma_ocular_adnexa@3845@L,1/1/1970,12/31/2099,
35935009,Low-grade appendiceal mucinous neoplasm confined by the muscularis propria (LAMN)||Acellular mucin or mucinous epithelium may invade into muscularis propria,Meas Value,NAACCR,NAACCR Value,,appendix@772@050,1/1/1970,12/31/2099,
35923741,More than 50% of a non-squamous or non-morular solid growth pattern (Grade 3),Meas Value,NAACCR,NAACCR Value,,corpus_adenosarcoma@2861@003,1/1/1970,12/31/2099,
35926224,More than 50% of a non-squamous or non-morular solid growth pattern (Grade 3),Meas Value,NAACCR,NAACCR Value,,corpus_sarcoma@2861@003,1/1/1970,12/31/2099,
35933450,More than 50% of a non-squamous or non-morular solid growth pattern (Grade 3),Meas Value,NAACCR,NAACCR Value,,corpus_carcinoma@2861@003,1/1/1970,12/31/2099,
35917950,Mucoepidermoid Carcinoma - Grade,Measurement,NAACCR,NAACCR Variable,,lacrimal_gland@2861,1/1/1970,12/31/2099,
35922383,Neither BR grade nor BR score given|Unknown or no information|Not documented in patient record,Meas Value,NAACCR,NAACCR Value,,breast@2861@999,1/1/1970,12/31/2099,
35917681,Nottingham or Bloom-Richardson (BR) Score/Grade,Measurement,NAACCR,NAACCR Variable,,breast@2861,1/1/1970,12/31/2099,
35917685,OBSOLETE - WHO Grade Classification,Measurement,NAACCR,NAACCR Variable,,adrenal_gland@2880,1/1/1970,12/31/2099,
35917927,OBSOLETE - WHO Grade Classification,Measurement,NAACCR,NAACCR Variable,,endocrine_other@2880,1/1/1970,12/31/2099,
35919618,Poor differentiation (grade 3),Meas Value,NAACCR,NAACCR Value,,3858@2,1/1/1970,12/31/2099,
35940308,Three-Grade System,Meas Value,NAACCR,NAACCR Value,,449@3,1/1/1970,12/31/2099,
35917728,Tumor Regression Grade,Measurement,NAACCR,NAACCR Variable,,rectum@2920,1/1/1970,12/31/2099,
35918077,Tumor Regression Grade,Measurement,NAACCR,NAACCR Variable,,colon@2920,1/1/1970,12/31/2099,
35940518,Two-Grade System,Meas Value,NAACCR,NAACCR Value,,449@2,1/1/1970,12/31/2099,
35919728,Undifferentiated (grade 4),Meas Value,NAACCR,NAACCR Value,,3858@4,1/1/1970,12/31/2099,
35917178,WHO/ISUP Grade,Measurement,NAACCR,NAACCR Variable,,kidney_renal_pelvis@2880,1/1/1970,12/31/2099,
35917765,WHO/ISUP Grade,Measurement,NAACCR,NAACCR Variable,,urethra@2880,1/1/1970,12/31/2099,
35917822,WHO/ISUP Grade,Measurement,NAACCR,NAACCR Variable,,bladder@2880,1/1/1970,12/31/2099,
35917726,World Health Organization (WHO) Grade Classification,Measurement,NAACCR,NAACCR Variable,,cns_other@2880,1/1/1970,12/31/2099,
35917910,World Health Organization (WHO) Grade Classification,Measurement,NAACCR,NAACCR Variable,,intracranial_gland@2880,1/1/1970,12/31/2099,
35918085,World Health Organization (WHO) Grade Classification,Measurement,NAACCR,NAACCR Variable,,brain@2880,1/1/1970,12/31/2099,
35921405,GB: Borderline Tumor,Meas Value,NAACCR,NAACCR Value,,ovary@3843@B,1/1/1970,12/31/2099,
35922156,GB: Borderline Tumor,Meas Value,NAACCR,NAACCR Value,,primary_peritoneal_carcinoma@3844@B,1/1/1970,12/31/2099,
35930746,GB: Borderline Tumor,Meas Value,NAACCR,NAACCR Value,,fallopian_tube@3844@B,1/1/1970,12/31/2099,
35933195,GB: Borderline Tumor,Meas Value,NAACCR,NAACCR Value,,primary_peritoneal_carcinoma@3845@B,1/1/1970,12/31/2099,
35933340,GB: Borderline Tumor,Meas Value,NAACCR,NAACCR Value,,ovary@3845@B,1/1/1970,12/31/2099,
35935545,GB: Borderline Tumor,Meas Value,NAACCR,NAACCR Value,,fallopian_tube@3843@B,1/1/1970,12/31/2099,
35938083,GB: Borderline Tumor,Meas Value,NAACCR,NAACCR Value,,primary_peritoneal_carcinoma@3843@B,1/1/1970,12/31/2099,
35938257,GB: Borderline Tumor,Meas Value,NAACCR,NAACCR Value,,fallopian_tube@3845@B,1/1/1970,12/31/2099,
35939601,GB: Borderline Tumor,Meas Value,NAACCR,NAACCR Value,,ovary@3844@B,1/1/1970,12/31/2099,
35920824,G3B: > 15 centroblasts per HPF and solid sheets of centroblasts,Meas Value,NAACCR,NAACCR Value,,lymphoma_ocular_adnexa@3843@5,1/1/1970,12/31/2099,
35921901,G3B: > 15 centroblasts per HPF and solid sheets of centroblasts,Meas Value,NAACCR,NAACCR Value,,lymphoma_ocular_adnexa@3845@5,1/1/1970,12/31/2099,
35928496,G3B: > 15 centroblasts per HPF and solid sheets of centroblasts,Meas Value,NAACCR,NAACCR Value,,lymphoma_ocular_adnexa@3844@5,1/1/1970,12/31/2099,
35921656,G1: 0-5 centroblasts per HPF,Meas Value,NAACCR,NAACCR Value,,lymphoma_ocular_adnexa@3845@1,1/1/1970,12/31/2099,
35930717,G1: 0-5 centroblasts per HPF,Meas Value,NAACCR,NAACCR Value,,lymphoma_ocular_adnexa@3843@1,1/1/1970,12/31/2099,
35939570,G1: 0-5 centroblasts per HPF,Meas Value,NAACCR,NAACCR Value,,lymphoma_ocular_adnexa@3844@1,1/1/1970,12/31/2099,
35919509,"Medulloblastoma, SHH-activated and TP53-wildtype (9471/3)",Meas Value,NAACCR,NAACCR Value,,3816@08,1/1/1970,12/31/2099,
35920443,TP53 or CTNNB Mutation,Meas Value,NAACCR,NAACCR Value,,adrenal_gland@3843@M,1/1/1970,12/31/2099,
35923553,TP53 or CTNNB Mutation,Meas Value,NAACCR,NAACCR Value,,adrenal_gland@3844@M,1/1/1970,12/31/2099,
35934404,TP53 or CTNNB Mutation,Meas Value,NAACCR,NAACCR Value,,adrenal_gland@3845@M,1/1/1970,12/31/2099,
35933192,G2: 6-15 centroblasts per HPF,Meas Value,NAACCR,NAACCR Value,,lymphoma_ocular_adnexa@3845@2,1/1/1970,12/31/2099,
35935509,G2: 6-15 centroblasts per HPF,Meas Value,NAACCR,NAACCR Value,,lymphoma_ocular_adnexa@3843@2,1/1/1970,12/31/2099,
35938376,G2: 6-15 centroblasts per HPF,Meas Value,NAACCR,NAACCR Value,,lymphoma_ocular_adnexa@3844@2,1/1/1970,12/31/2099,
35934875,G3: > 15 centroblasts,Meas Value,NAACCR,NAACCR Value,,lymphoma_ocular_adnexa@3843@3,1/1/1970,12/31/2099,
35938161,G3: > 15 centroblasts,Meas Value,NAACCR,NAACCR Value,,lymphoma_ocular_adnexa@3844@3,1/1/1970,12/31/2099,
35940207,G3: > 15 centroblasts,Meas Value,NAACCR,NAACCR Value,,lymphoma_ocular_adnexa@3845@3,1/1/1970,12/31/2099,
35924188,G3A: >15 centroblasts per HPF and centrocytes present,Meas Value,NAACCR,NAACCR Value,,lymphoma_ocular_adnexa@3844@4,1/1/1970,12/31/2099,
35933469,G3A: >15 centroblasts per HPF and centrocytes present,Meas Value,NAACCR,NAACCR Value,,lymphoma_ocular_adnexa@3843@4,1/1/1970,12/31/2099,
35937813,G3A: >15 centroblasts per HPF and centrocytes present,Meas Value,NAACCR,NAACCR Value,,lymphoma_ocular_adnexa@3845@4,1/1/1970,12/31/2099,
3194496,Grade IV atypical teratoid rhabdoid tumor of brain,Condition,Nebraska Lexicon,Clinical Finding,,'911750751000004102',1/28/2016,12/31/2099,
3186481,Histologic grade,Observation,Nebraska Lexicon,Qualifier Value,,'1870001000004104',1/25/2018,12/31/2099,
3187219,Histologic grade of excised malignant neoplasm,Observation,Nebraska Lexicon,Observable Entity,,'30070001000004106',1/25/2018,12/31/2099,
3178338,Histologic grade of excised malignant neoplasm of colon,Observation,Nebraska Lexicon,Observable Entity,,'1590001000004108',1/25/2018,12/31/2099,
3170524,Histologic grade of excised malignant neoplasm of lung,Observation,Nebraska Lexicon,Observable Entity,,'1850001000004102',1/25/2018,12/31/2099,
3196710,Intermediate to high grade histologic differentiation,Condition,Nebraska Lexicon,Clinical Finding,,'2890001000004108',1/25/2018,12/31/2099,
3198034,Low grade adnemosquamous carcinoma,Observation,Nebraska Lexicon,Morph Abnormality,,'4400001000004106',1/25/2018,12/31/2099,
3194224,Low to intermediate grade histologic differentiation,Condition,Nebraska Lexicon,Clinical Finding,,'13750001000004106',1/25/2018,12/31/2099,
3194774,Metaplastic carcinoma with low grade adenosquamous features,Observation,Nebraska Lexicon,Morph Abnormality,,'3510001000004104',1/25/2018,12/31/2099,
3194080,"Metaplastic carcinoma, low grade fibromatosis-like",Observation,Nebraska Lexicon,Morph Abnormality,,'5530001000004101',1/25/2018,12/31/2099,
3190559,Nuclear grade of ductal carcinoma in situ in malignant neoplasm of breast,Observation,Nebraska Lexicon,Observable Entity,,'31260001000004100',1/25/2018,12/31/2099,
3192778,Pap smear with atypical cells but high grade squamous intraepithelial lesion cannot be excluded,Condition,Nebraska Lexicon,Clinical Finding,,'4300001000004102',1/28/2016,12/31/2099,
3196195,Surgical distal margin involved by adenoma with high-grade dysplasia,Condition,Nebraska Lexicon,Clinical Finding,,'3950001000004104',1/25/2018,12/31/2099,
3195575,Surgical distal margin involved by adenoma with low-grade dysplasia,Condition,Nebraska Lexicon,Clinical Finding,,'3200001000004107',1/25/2018,12/31/2099,
3198481,Surgical mucosal margin involved by adenoma with high-grade dysplasia,Condition,Nebraska Lexicon,Clinical Finding,,'5970001000004109',1/25/2018,12/31/2099,
3191997,Surgical mucosal margin involved by adenomawith low-grade dysplasia,Condition,Nebraska Lexicon,Clinical Finding,,'3370001000004109',1/25/2018,12/31/2099,
3181947,WHO grade 2 oligoastrocytoma,Condition,Nebraska Lexicon,Clinical Finding,,'3310001000004102',1/28/2016,12/31/2099,
4077696,Histological grade,Observation,SNOMED,Attribute,,'246229000',1/31/2002,12/31/2099,
4160340,Histologic grade of neoplasm,Observation,SNOMED,Observable Entity,,'371469007',7/31/2002,12/31/2099,
607068,Histologic grade of malignant neuroendocrine neoplasm of thyroid,Observation,SNOMED,Observable Entity,,'1149048003',7/31/2021,12/31/2099,
4157601,Nottingham combined grade of primary malignant neoplasm of breast,Observation,SNOMED,Observable Entity,,'372276001',7/31/2002,12/31/2099,
607056,Histologic grade of primary malignant neoplasm of esophagus,Observation,SNOMED,Observable Entity,,'1149033009',7/31/2021,12/31/2099,
607049,Histologic grade of primary malignant neoplasm of anus,Observation,SNOMED,Observable Entity,,'1149024007',7/31/2021,12/31/2099,
4213274,Grade of intraepithelial neoplasia involving endocervical margin,Observation,SNOMED,Observable Entity,,'396254003',7/31/2003,12/31/2099,
607060,Histologic grade of primary malignant neoplasm of oral mucosa,Observation,SNOMED,Observable Entity,,'1149037005',7/31/2021,12/31/2099,
607054,Histologic grade of primary malignant neoplasm of cervix uteri,Observation,SNOMED,Observable Entity,,'1149031006',7/31/2021,12/31/2099,
607058,Histologic grade of primary malignant neoplasm of larynx,Observation,SNOMED,Observable Entity,,'1149035002',7/31/2021,12/31/2099,
619436,Nottingham grade of primary malignant neoplasm of breast,Observation,SNOMED,Observable Entity,,'895467003',7/31/2021,12/31/2099,
607051,Histologic grade of primary malignant neoplasm of intrahepatic bile duct,Observation,SNOMED,Observable Entity,,'1149027000',7/31/2021,12/31/2099,
607061,Histologic grade of primary malignant neoplasm of nasal structure,Observation,SNOMED,Observable Entity,,'1149038000',7/31/2021,12/31/2099,
607053,Histologic grade of primary malignant neoplasm of extrahepatic bile duct,Observation,SNOMED,Observable Entity,,'1149029002',7/31/2021,12/31/2099,
602970,Histologic grade of primary malignant neoplasm of lung,Observation,SNOMED,Observable Entity,,'1149042002',7/31/2021,12/31/2099,
602269,Histologic grade of primary malignant neoplasm of prostate by International Society of Urological Pathology technique,Observation,SNOMED,Observable Entity,,'1812491000004107',7/31/2021,12/31/2099,
607065,Histologic grade of malignant neuroendocrine neoplasm of small intestine,Observation,SNOMED,Observable Entity,,'1149045000',7/31/2021,12/31/2099,
607069,Histologic grade of primary malignant neoplasm of penis,Observation,SNOMED,Observable Entity,,'1149050006',7/31/2021,12/31/2099,
602275,Histologic grade of primary malignant neoplasm of colon,Observation,SNOMED,Observable Entity,,'1870001000004104',7/31/2021,12/31/2099,
607064,Histologic grade of malignant neuroendocrine neoplasm of pancreas,Observation,SNOMED,Observable Entity,,'1149044001',7/31/2021,12/31/2099,
607063,Histologic grade of primary malignant neoplasm of pharynx,Observation,SNOMED,Observable Entity,,'1149040005',7/31/2021,12/31/2099,
607066,Histologic grade of malignant neuroendocrine neoplasm of ampulla of Vater,Observation,SNOMED,Observable Entity,,'1149046004',7/31/2021,12/31/2099,
4218367,Grade of intraepithelial neoplasia involving deep margin,Observation,SNOMED,Observable Entity,,'396272009',7/31/2003,12/31/2099,
607059,Histologic grade of primary malignant neoplasm of oral soft tissue,Observation,SNOMED,Observable Entity,,'1149036001',7/31/2021,12/31/2099,
602272,Histologic grade of primary malignant neoplasm,Observation,SNOMED,Observable Entity,,'1850001000004102',7/31/2021,12/31/2099,
609311,Nottingham glandular differentiation score of primary malignant neoplasm of breast,Observation,SNOMED,Observable Entity,,'3720001000004106',7/31/2021,12/31/2099,
607062,Histologic grade of primary malignant neoplasm of nasal sinus,Observation,SNOMED,Observable Entity,,'1149039008',7/31/2021,12/31/2099,
607280,Histologic grade of primary malignant neoplasm of colon using World Health Organization classification of tumors system fifth edition method,Observation,SNOMED,Observable Entity,,'1149434005',7/31/2021,12/31/2099,
607067,Histologic grade of malignant neuroendocrine neoplasm of stomach,Observation,SNOMED,Observable Entity,,'1149047008',7/31/2021,12/31/2099,
4287178,WHO grade for central nervous system tumor,Observation,SNOMED,Observable Entity,,'396920006',7/31/2003,12/31/2099,
607055,Histologic grade of malignant neuroendocrine neoplasm of appendix,Observation,SNOMED,Observable Entity,,'1149032004',7/31/2021,12/31/2099,
618469,Nottingham nuclear pleomorphism score of primary malignant neoplasm of breast,Observation,SNOMED,Observable Entity,,'4520001000004105',7/31/2021,12/31/2099,
4263000,Histologic grade of urothelial carcinoma by World Health Organization/International Society of Urological Pathology technique,Observation,SNOMED,Observable Entity,,'396659000',7/31/2003,12/31/2099,
607050,Histologic grade of primary malignant neoplasm of appendix,Observation,SNOMED,Observable Entity,,'1149026009',7/31/2021,12/31/2099,
604547,Nuclear grade of ductal carcinoma in situ of breast,Observation,SNOMED,Observable Entity,,'2890001000004108',7/31/2021,12/31/2099,
602971,Histologic grade of primary malignant neoplasm of pancreas,Observation,SNOMED,Observable Entity,,'1149043007',7/31/2021,12/31/2099,
602969,Histologic grade of primary malignant neoplasm of liver,Observation,SNOMED,Observable Entity,,'1149041009',7/31/2021,12/31/2099,
607057,Histologic grade of primary malignant neoplasm of gallbladder,Observation,SNOMED,Observable Entity,,'1149034003',7/31/2021,12/31/2099,
607048,Histologic grade of primary malignant neoplasm of adrenal gland,Observation,SNOMED,Observable Entity,,'1149022006',7/31/2021,12/31/2099,
4164609,Histologic grade of intraepithelial neoplasia,Observation,SNOMED,Observable Entity,,'399637003',7/31/2003,12/31/2099,
4262472,Fuhrman nuclear grade,Observation,SNOMED,Observable Entity,,'396191000',7/31/2003,12/31/2099,
4218365,Grade of intraepithelial neoplasia involving exocervical margin,Observation,SNOMED,Observable Entity,,'396252004',7/31/2003,12/31/2099,
4183079,"G2: Nuclei slightly irregular, approximately 15 ; nucleoli evident",Condition,SNOMED,Clinical Finding,,'369721007',1/31/2002,12/31/2099,
4241072,"DCIS nuclear pleomorphism, grade 2: neither nuclear grade 1 nor nuclear grade 3",Condition,SNOMED,Clinical Finding,,'369782002',1/31/2002,12/31/2099,
4287179,WHO grade IV (central nervous system tumor),Condition,SNOMED,Clinical Finding,,'396925001',7/31/2003,12/31/2099,
4041008,G2 grade,Condition,SNOMED,Clinical Finding,,'1663004',1/31/2002,12/31/2099,
4183906,G3: Poorly differentiated (5-49 percent gland forming),Condition,SNOMED,Clinical Finding,,'369718005',1/31/2002,12/31/2099,
764845,"Low grade lymphoma, stage 4",Condition,SNOMED,Clinical Finding,,'68571000119106',9/1/2013,12/31/2099,
4190072,Undifferentiated histological grade finding,Condition,SNOMED,Clinical Finding,,'373374006',7/31/2002,12/31/2099,
439386,Poorly differentiated histological grade finding,Condition,SNOMED,Clinical Finding,,'373373000',7/31/2002,12/31/2099,
4161667,High grade histologic differentiation,Condition,SNOMED,Clinical Finding,,'399611001',7/31/2003,12/31/2099,
4246267,WHO grade III (central nervous system tumor),Condition,SNOMED,Clinical Finding,,'396924002',7/31/2003,12/31/2099,
4120176,G4 grade,Condition,SNOMED,Clinical Finding,,'258245003',1/31/2002,12/31/2099,
763789,National Cancer Institute common terminology criteria for adverse event grade finding,Condition,SNOMED,Clinical Finding,,'446401000124104',3/1/2015,12/31/2099,
4183477,"G1: Nuclei round, uniform, approximately 10 ; nucleoli inconspicuous or absent",Condition,SNOMED,Clinical Finding,,'369720008',1/31/2002,12/31/2099,
4264626,Grade not determined,Condition,SNOMED,Clinical Finding,,'60815008',1/31/2002,12/31/2099,
764844,"Low grade lymphoma, stage 3",Condition,SNOMED,Clinical Finding,,'68561000119100',9/1/2013,12/31/2099,
4184071,"G3: Nuclei very irregular, approximately 20 ; nucleoli large and prominent",Condition,SNOMED,Clinical Finding,,'369722000',1/31/2002,12/31/2099,
4190075,Moderately differentiated histological grade finding,Condition,SNOMED,Clinical Finding,,'373377004',7/31/2002,12/31/2099,
4159955,Histological grade finding,Condition,SNOMED,Clinical Finding,,'373372005',7/31/2002,12/31/2099,
4204361,G1 grade,Condition,SNOMED,Clinical Finding,,'54102005',1/31/2002,12/31/2099,
4241297,"DCIS nuclear pleomorphism, grade 3: Markedly pleomorphic nuclei, usually >2.5 RBC diameters, with coarse chromatin and multiple nucleoli",Condition,SNOMED,Clinical Finding,,'369783007',1/31/2002,12/31/2099,
4190073,Well differentiated histological grade finding,Condition,SNOMED,Clinical Finding,,'373375007',7/31/2002,12/31/2099,
763791,Common terminology criteria for adverse events grade 3,Condition,SNOMED,Clinical Finding,,'446431000124107',3/1/2015,12/31/2099,
4264742,G3 grade,Condition,SNOMED,Clinical Finding,,'61026006',1/31/2002,12/31/2099,
4183905,G2: Moderately differentiated (50-95 percent gland forming),Condition,SNOMED,Clinical Finding,,'369717000',1/31/2002,12/31/2099,
4161056,Nottingham Combined Grade finding,Condition,SNOMED,Clinical Finding,,'373378009',7/31/2002,12/31/2099,
4240067,"DCIS nuclear pleomorphism, grade 1: monotonous nuclei, 1.5 - 2.0 RBC diameters, with finely dispersed chromatin and only occasional nucleoli",Condition,SNOMED,Clinical Finding,,'369781009',1/31/2002,12/31/2099,
4233916,Intermediate grade histologic differentiation,Condition,SNOMED,Clinical Finding,,'405986005',1/31/2004,12/31/2099,
4183081,G1: 5 percent or less non-squamous solid growth,Condition,SNOMED,Clinical Finding,,'369724004',1/31/2002,12/31/2099,
765766,Common terminology criteria for adverse events grade 5,Condition,SNOMED,Clinical Finding,,'446451000124100',3/1/2015,12/31/2099,
4246266,WHO grade I (central nervous system tumor),Condition,SNOMED,Clinical Finding,,'396922003',7/31/2003,12/31/2099,
4297708,Finding of grade,Condition,SNOMED,Clinical Finding,,'384740007',1/31/2003,12/31/2099,
4293037,Nuclear grade finding,Condition,SNOMED,Clinical Finding,,'384736003',1/31/2003,12/31/2099,
4245718,Fuhrman nuclear grade finding,Condition,SNOMED,Clinical Finding,,'396193002',7/31/2003,12/31/2099,
4241299,Nottingham Combined Grade I: 3-5 points,Condition,SNOMED,Clinical Finding,,'369790002',1/31/2002,12/31/2099,
4314170,"Low grade lymphoma, stage 1",Condition,SNOMED,Clinical Finding,,'425037004',1/31/2007,12/31/2099,
763790,Common terminology criteria for adverse events grade 1,Condition,SNOMED,Clinical Finding,,'446411000124101',3/1/2015,12/31/2099,
4197325,Tumor grade GB,Condition,SNOMED,Clinical Finding,,'313117002',1/31/2002,12/31/2099,
765927,Common terminology criteria for adverse events grade 2,Condition,SNOMED,Clinical Finding,,'446421000124109',3/1/2015,12/31/2099,
4263969,WHO grade II (central nervous system tumor),Condition,SNOMED,Clinical Finding,,'396923008',7/31/2003,12/31/2099,
4246265,WHO grade finding for central nervous system tumor,Condition,SNOMED,Clinical Finding,,'396921005',7/31/2003,12/31/2099,
4194837,Low grade (well to moderately differentiated),Condition,SNOMED,Clinical Finding,,'395529007',1/31/2003,12/31/2099,
765765,Common terminology criteria for adverse events grade 4,Condition,SNOMED,Clinical Finding,,'446441000124102',3/1/2015,12/31/2099,
4241172,Nottingham Combined Grade III: 8-9 points,Condition,SNOMED,Clinical Finding,,'369792005',1/31/2002,12/31/2099,
4241295,High grade (lymphoma),Condition,SNOMED,Clinical Finding,,'369767007',1/31/2002,12/31/2099,
4240677,Nottingham Combined Grade II: 6-7 points,Condition,SNOMED,Clinical Finding,,'369791003',1/31/2002,12/31/2099,
4183080,"G4: Nuclei bizarre and multilobated, 20  or greater, nucleoli prominent, chromatin clumped",Condition,SNOMED,Clinical Finding,,'369723005',1/31/2002,12/31/2099,
764843,"Low grade lymphoma, stage 2",Condition,SNOMED,Clinical Finding,,'68551000119102',9/1/2013,12/31/2099,
4296693,Nottingham Combined Grade cannot be determined,Condition,SNOMED,Clinical Finding,,'384668003',1/31/2003,12/31/2099,
4194838,High grade (poorly differentiated to undifferentiated),Condition,SNOMED,Clinical Finding,,'395530002',1/31/2003,12/31/2099,
4183904,G1: Well differentiated (greater than 95 percent gland forming),Condition,SNOMED,Clinical Finding,,'369716009',1/31/2002,12/31/2099,
4183907,G4: Undifferentiated (less than 5 percent gland forming),Condition,SNOMED,Clinical Finding,,'369719002',1/31/2002,12/31/2099,
4161012,Low grade histologic differentiation,Condition,SNOMED,Clinical Finding,,'399415002',7/31/2003,12/31/2099,
4196566,Tumor grade G0,Condition,SNOMED,Clinical Finding,,'313147000',1/31/2002,12/31/2099,
4183908,G2: 6-50 percent non-squamous solid growth,Condition,SNOMED,Clinical Finding,,'369725003',1/31/2002,12/31/2099,
4297709,Grade cannot be determined,Condition,SNOMED,Clinical Finding,,'384741006',1/31/2003,12/31/2099,
4054711,GX grade,Condition,SNOMED,Clinical Finding,,'12619005',1/31/2002,12/31/2099,
4183082,G3: More than 50 percent non-squamous solid growth,Condition,SNOMED,Clinical Finding,,'369726002',1/31/2002,12/31/2099,
4240570,Low grade (lymphoma),Condition,SNOMED,Clinical Finding,,'369766003',1/31/2002,12/31/2099,
3655244,Gleason grade group 1,Condition,SNOMED,Clinical Finding,,'860742008',7/31/2020,12/31/2099,
3655245,Gleason grade group 2,Condition,SNOMED,Clinical Finding,,'860743003',7/31/2020,12/31/2099,
3655246,Gleason grade group 3,Condition,SNOMED,Clinical Finding,,'860744009',7/31/2020,12/31/2099,
3655247,Gleason grade group 4,Condition,SNOMED,Clinical Finding,,'860745005',7/31/2020,12/31/2099,
3655248,Gleason grade group 5,Condition,SNOMED,Clinical Finding,,'860746006',7/31/2020,12/31/2099,
4074238,Gleason grade score 10 out of 10,Condition,SNOMED,Clinical Finding,,'24514009',1/31/2002,12/31/2099,
4086970,Gleason grade score 4 out of 10,Condition,SNOMED,Clinical Finding,,'18430005',1/31/2002,12/31/2099,
4140825,Gleason grade score 8 out of 10,Condition,SNOMED,Clinical Finding,,'33013007',1/31/2002,12/31/2099,
4172456,Gleason grade score 2 out of 10,Condition,SNOMED,Clinical Finding,,'49878003',1/31/2002,12/31/2099,
4211973,Gleason grade score 7 out of 10,Condition,SNOMED,Clinical Finding,,'57403001',1/31/2002,12/31/2099,
4224785,Gleason grade score 6 out of 10,Condition,SNOMED,Clinical Finding,,'84556003',1/31/2002,12/31/2099,
4240465,Gleason grade score 9 out of 10,Condition,SNOMED,Clinical Finding,,'58925000',1/31/2002,12/31/2099,
4250166,Gleason grade score 5 out of 10,Condition,SNOMED,Clinical Finding,,'74013009',1/31/2002,12/31/2099,
4263220,Gleason grade score 3 out of 10,Condition,SNOMED,Clinical Finding,,'46677009',1/31/2002,12/31/2099,
4294060,Gleason grade finding for prostatic cancer,Condition,SNOMED,Clinical Finding,,'385377005',1/31/2003,12/31/2099,
