"schema_num","id","site_range","histology_range","site_range_start","site_range_end","hist_range_start","hist_range_end"
116,"adnexa_uterine_other","C571-C574","8000-9136","C571","C574","8000","9136"
116,"adnexa_uterine_other","C571-C574","9141-9582","C571","C574","9141","9582"
116,"adnexa_uterine_other","C571-C574","9700-9701","C571","C574","9700","9701"
147,"adrenal_gland","C740-C741","8000-9136","C740","C741","8000","9136"
147,"adrenal_gland","C740-C741","9141-9582","C740","C741","9141","9582"
147,"adrenal_gland","C740-C741","9700-9701","C740","C741","9700","9701"
66,"ampulla_vater","C241","8000-8152","C241","C241","8000","8152"
66,"ampulla_vater","C241","8154-8231","C241","C241","8154","8231"
66,"ampulla_vater","C241","8243-8245","C241","C241","8243","8245"
66,"ampulla_vater","C241","8247","C241","C241","8247","8247"
66,"ampulla_vater","C241","8248","C241","C241","8248","8248"
66,"ampulla_vater","C241","8250-9136","C241","C241","8250","9136"
66,"ampulla_vater","C241","9141-9582","C241","C241","9141","9582"
66,"ampulla_vater","C241","9700-9701","C241","C241","9700","9701"
59,"anus","C210-C212","8000-9136","C210","C212","8000","9136"
59,"anus","C210-C212","9141-9582","C210","C212","9141","9582"
59,"anus","C210-C212","9700-9701","C210","C212","9700","9701"
59,"anus","C218","8000-9136","C218","C218","8000","9136"
59,"anus","C218","9141-9582","C218","C218","9141","9582"
59,"anus","C218","9700-9701","C218","C218","9700","9701"
50,"appendix","C181","8000-8152","C181","C181","8000","8152"
50,"appendix","C181","8154-8231","C181","C181","8154","8231"
50,"appendix","C181","8243-8245","C181","C181","8243","8245"
50,"appendix","C181","8247","C181","C181","8247","8247"
50,"appendix","C181","8248","C181","C181","8248","8248"
50,"appendix","C181","8250-8934","C181","C181","8250","8934"
50,"appendix","C181","8940-9136","C181","C181","8940","9136"
50,"appendix","C181","9141-9582","C181","C181","9141","9582"
50,"appendix","C181","9700-9701","C181","C181","9700","9701"
65,"bile_ducts_distal","C240","8000-9136","C240","C240","8000","9136"
65,"bile_ducts_distal","C240","9141-9582","C240","C240","9141","9582"
65,"bile_ducts_distal","C240","9700-9701","C240","C240","9700","9701"
61,"bile_ducts_intrahepat","C221","8000-8162","C221","C221","8000","8162"
61,"bile_ducts_intrahepat","C221","8180-9136","C221","C221","8180","9136"
61,"bile_ducts_intrahepat","C221","9141-9582","C221","C221","9141","9582"
61,"bile_ducts_intrahepat","C221","9700-9701","C221","C221","9700","9701"
63,"bile_ducts_perihilar","C240","8000-9136","C240","C240","8000","9136"
63,"bile_ducts_perihilar","C240","9141-9582","C240","C240","9141","9582"
63,"bile_ducts_perihilar","C240","9700-9701","C240","C240","9700","9701"
68,"biliary_other","C248-C249","8000-9136","C248","C249","8000","9136"
68,"biliary_other","C248-C249","9141-9582","C248","C249","9141","9582"
68,"biliary_other","C248-C249","9700-9701","C248","C249","9700","9701"
128,"bladder","C670-C679","8000-9136","C670","C679","8000","9136"
128,"bladder","C670-C679","9141-9582","C670","C679","9141","9582"
128,"bladder","C670-C679","9700-9701","C670","C679","9700","9701"
95,"bone","C400-C403","8000-9136","C400","C403","8000","9136"
95,"bone","C400-C403","9141-9582","C400","C403","9141","9582"
95,"bone","C400-C403","9700-9701","C400","C403","9700","9701"
95,"bone","C408-C409","8000-9136","C408","C409","8000","9136"
95,"bone","C408-C409","9141-9582","C408","C409","9141","9582"
95,"bone","C408-C409","9700-9701","C408","C409","9700","9701"
95,"bone","C410-C414","8000-9136","C410","C414","8000","9136"
95,"bone","C410-C414","9141-9582","C410","C414","9141","9582"
95,"bone","C410-C414","9700-9701","C410","C414","9700","9701"
95,"bone","C418-C419","8000-9136","C418","C419","8000","9136"
95,"bone","C418-C419","9141-9582","C418","C419","9141","9582"
95,"bone","C418-C419","9700-9701","C418","C419","9700","9701"
143,"brain","C700","8000-9136","C700","C700","8000","9136"
143,"brain","C700","9141-9582","C700","C700","9141","9582"
143,"brain","C700","9700-9701","C700","C700","9700","9701"
143,"brain","C710-C719","8000-9136","C710","C719","8000","9136"
143,"brain","C710-C719","9141-9582","C710","C719","9141","9582"
143,"brain","C710-C719","9700-9701","C710","C719","9700","9701"
106,"breast","C500-C506","8000-9136","C500","C506","8000","9136"
106,"breast","C500-C506","9141-9582","C500","C506","9141","9582"
106,"breast","C500-C506","9700-9701","C500","C506","9700","9701"
106,"breast","C508-C509","8000-9136","C508","C509","8000","9136"
106,"breast","C508-C509","9141-9582","C508","C509","9141","9582"
106,"breast","C508-C509","9700-9701","C508","C509","9700","9701"
25,"buccal_mucosa","C060-C061","8000-8713","C060","C061","8000","8713"
25,"buccal_mucosa","C060-C061","8800-9136","C060","C061","8800","9136"
25,"buccal_mucosa","C060-C061","9141-9582","C060","C061","9141","9582"
25,"buccal_mucosa","C060-C061","9700-9701","C060","C061","9700","9701"
51,"carcinoid_appendix","C181","8153","C181","C181","8153","8153"
51,"carcinoid_appendix","C181","8240-8242","C181","C181","8240","8242"
51,"carcinoid_appendix","C181","8246","C181","C181","8246","8246"
51,"carcinoid_appendix","C181","8249","C181","C181","8249","8249"
110,"cervix","C530-C531","8000-9136","C530","C531","8000","9136"
110,"cervix","C530-C531","9141-9582","C530","C531","9141","9582"
110,"cervix","C530-C531","9700-9701","C530","C531","9700","9701"
110,"cervix","C538-C539","8000-9136","C538","C539","8000","9136"
110,"cervix","C538-C539","9141-9582","C538","C539","9141","9582"
110,"cervix","C538-C539","9700-9701","C538","C539","9700","9701"
144,"cns_other","C701","8000-9136","C701","C701","8000","9136"
144,"cns_other","C701","9141-9582","C701","C701","9141","9582"
144,"cns_other","C701","9700-9701","C701","C701","9700","9701"
144,"cns_other","C709","8000-9136","C709","C709","8000","9136"
144,"cns_other","C709","9141-9582","C709","C709","9141","9582"
144,"cns_other","C709","9700-9701","C709","C709","9700","9701"
144,"cns_other","C720-C725","8000-9136","C720","C725","8000","9136"
144,"cns_other","C720-C725","9141-9582","C720","C725","9141","9582"
144,"cns_other","C720-C725","9700-9701","C720","C725","9700","9701"
144,"cns_other","C728-C729","8000-9136","C728","C729","8000","9136"
144,"cns_other","C728-C729","9141-9582","C728","C729","9141","9582"
144,"cns_other","C728-C729","9700-9701","C728","C729","9700","9701"
53,"colon","C180","8000-8152","C180","C180","8000","8152"
53,"colon","C180","8154-8231","C180","C180","8154","8231"
53,"colon","C180","8243-8245","C180","C180","8243","8245"
53,"colon","C180","8247","C180","C180","8247","8247"
53,"colon","C180","8248","C180","C180","8248","8248"
53,"colon","C180","8250-8934","C180","C180","8250","8934"
53,"colon","C180","8940-9136","C180","C180","8940","9136"
53,"colon","C180","9141-9582","C180","C180","9141","9582"
53,"colon","C180","9700-9701","C180","C180","9700","9701"
53,"colon","C182-C189","8000-8152","C182","C189","8000","8152"
53,"colon","C182-C189","8154-8231","C182","C189","8154","8231"
53,"colon","C182-C189","8243-8245","C182","C189","8243","8245"
53,"colon","C182-C189","8247","C182","C189","8247","8247"
53,"colon","C182-C189","8248","C182","C189","8248","8248"
53,"colon","C182-C189","8250-8934","C182","C189","8250","8934"
53,"colon","C182-C189","8940-9136","C182","C189","8940","9136"
53,"colon","C182-C189","9141-9582","C182","C189","9141","9582"
53,"colon","C182-C189","9700-9701","C182","C189","9700","9701"
131,"conjunctiva","C690","8000-8713","C690","C690","8000","8713"
131,"conjunctiva","C690","8800-9136","C690","C690","8800","9136"
131,"conjunctiva","C690","9141-9508","C690","C690","9141","9508"
131,"conjunctiva","C690","9520-9582","C690","C690","9520","9582"
131,"conjunctiva","C690","9700-9701","C690","C690","9700","9701"
112,"corpus_adenosarcoma","C540-C543","8933","C540","C543","8933","8933"
112,"corpus_adenosarcoma","C548-C549","8933","C548","C549","8933","8933"
112,"corpus_adenosarcoma","C559","8933","C559","C559","8933","8933"
111,"corpus_carcinoma","C540-C543","8000-8790","C540","C543","8000","8790"
111,"corpus_carcinoma","C540-C543","8950","C540","C543","8950","8950"
111,"corpus_carcinoma","C540-C543","8951","C540","C543","8951","8951"
111,"corpus_carcinoma","C540-C543","8980-8981","C540","C543","8980","8981"
111,"corpus_carcinoma","C540-C543","9700-9701","C540","C543","9700","9701"
111,"corpus_carcinoma","C548-C549","8000-8790","C548","C549","8000","8790"
111,"corpus_carcinoma","C548-C549","8950","C548","C549","8950","8950"
111,"corpus_carcinoma","C548-C549","8951","C548","C549","8951","8951"
111,"corpus_carcinoma","C548-C549","8980-8981","C548","C549","8980","8981"
111,"corpus_carcinoma","C548-C549","9700-9701","C548","C549","9700","9701"
111,"corpus_carcinoma","C559","8000-8790","C559","C559","8000","8790"
111,"corpus_carcinoma","C559","8950","C559","C559","8950","8950"
111,"corpus_carcinoma","C559","8951","C559","C559","8951","8951"
111,"corpus_carcinoma","C559","8980-8981","C559","C559","8980","8981"
111,"corpus_carcinoma","C559","9700-9701","C559","C559","9700","9701"
113,"corpus_sarcoma","C540-C543","8800-8932","C540","C543","8800","8932"
113,"corpus_sarcoma","C540-C543","8934-8941","C540","C543","8934","8941"
113,"corpus_sarcoma","C540-C543","8959-8974","C540","C543","8959","8974"
113,"corpus_sarcoma","C540-C543","8982-9136","C540","C543","8982","9136"
113,"corpus_sarcoma","C540-C543","9141-9582","C540","C543","9141","9582"
113,"corpus_sarcoma","C548-C549","8800-8932","C548","C549","8800","8932"
113,"corpus_sarcoma","C548-C549","8934-8941","C548","C549","8934","8941"
113,"corpus_sarcoma","C548-C549","8959-8974","C548","C549","8959","8974"
113,"corpus_sarcoma","C548-C549","8982-9136","C548","C549","8982","9136"
113,"corpus_sarcoma","C548-C549","9141-9582","C548","C549","9141","9582"
113,"corpus_sarcoma","C559","8800-8932","C559","C559","8800","8932"
113,"corpus_sarcoma","C559","8934-8941","C559","C559","8934","8941"
113,"corpus_sarcoma","C559","8959-8974","C559","C559","8959","8974"
113,"corpus_sarcoma","C559","8982-9136","C559","C559","8982","9136"
113,"corpus_sarcoma","C559","9141-9582","C559","C559","9141","9582"
64,"cystic_duct","C240","8000-9136","C240","C240","8000","9136"
64,"cystic_duct","C240","9141-9582","C240","C240","9141","9582"
64,"cystic_duct","C240","9700-9701","C240","C240","9700","9701"
72,"digestive_other","C260","8000-9136","C260","C260","8000","9136"
72,"digestive_other","C260","9141-9582","C260","C260","9141","9582"
72,"digestive_other","C260","9700-9701","C260","C260","9700","9701"
72,"digestive_other","C268-C269","8000-9136","C268","C269","8000","9136"
72,"digestive_other","C268-C269","9141-9582","C268","C269","9141","9582"
72,"digestive_other","C268-C269","9700-9701","C268","C269","9700","9701"
148,"endocrine_other","C379","8000-9136","C379","C379","8000","9136"
148,"endocrine_other","C379","9141-9582","C379","C379","9141","9582"
148,"endocrine_other","C379","9700-9701","C379","C379","9700","9701"
148,"endocrine_other","C750","8000-9136","C750","C750","8000","9136"
148,"endocrine_other","C750","9141-9582","C750","C750","9141","9582"
148,"endocrine_other","C750","9700-9701","C750","C750","9700","9701"
148,"endocrine_other","C754-C755","8000-9136","C754","C755","8000","9136"
148,"endocrine_other","C754-C755","9141-9582","C754","C755","9141","9582"
148,"endocrine_other","C754-C755","9700-9701","C754","C755","9700","9701"
148,"endocrine_other","C758-C759","8000-9136","C758","C759","8000","9136"
148,"endocrine_other","C758-C759","9141-9582","C758","C759","9141","9582"
148,"endocrine_other","C758-C759","9700-9701","C758","C759","9700","9701"
32,"epiglottis_anterior","C101","8000-8713","C101","C101","8000","8713"
32,"epiglottis_anterior","C101","8800-9136","C101","C101","8800","9136"
32,"epiglottis_anterior","C101","9141-9582","C101","C101","9141","9582"
32,"epiglottis_anterior","C101","9700-9701","C101","C101","9700","9701"
41,"esophagus","C150-C155","8000-8934","C150","C155","8000","8934"
41,"esophagus","C150-C155","8940-9136","C150","C155","8940","9136"
41,"esophagus","C150-C155","9141-9582","C150","C155","9141","9582"
41,"esophagus","C150-C155","9700-9701","C150","C155","9700","9701"
41,"esophagus","C158-C159","8000-8934","C158","C159","8000","8934"
41,"esophagus","C158-C159","8940-9136","C158","C159","8940","9136"
41,"esophagus","C158-C159","9141-9582","C158","C159","9141","9582"
41,"esophagus","C158-C159","9700-9701","C158","C159","9700","9701"
43,"esophagus_gejunction","C160","8000-8152","C160","C160","8000","8152"
43,"esophagus_gejunction","C160","8154-8231","C160","C160","8154","8231"
43,"esophagus_gejunction","C160","8243-8245","C160","C160","8243","8245"
43,"esophagus_gejunction","C160","8247","C160","C160","8247","8247"
43,"esophagus_gejunction","C160","8248","C160","C160","8248","8248"
43,"esophagus_gejunction","C160","8250-8934","C160","C160","8250","8934"
43,"esophagus_gejunction","C160","8940-9136","C160","C160","8940","9136"
43,"esophagus_gejunction","C160","9141-9582","C160","C160","9141","9582"
43,"esophagus_gejunction","C160","9700-9701","C160","C160","9700","9701"
133,"eye_other","C691-C694","8000-8713","C691","C694","8000","8713"
133,"eye_other","C691-C694","8800-9136","C691","C694","8800","9136"
133,"eye_other","C691-C694","9141-9508","C691","C694","9141","9508"
133,"eye_other","C691-C694","9520-9582","C691","C694","9520","9582"
133,"eye_other","C691-C694","9700-9701","C691","C694","9700","9701"
133,"eye_other","C698-C699","8000-8713","C698","C699","8000","8713"
133,"eye_other","C698-C699","8800-9136","C698","C699","8800","9136"
133,"eye_other","C698-C699","9141-9508","C698","C699","9141","9508"
133,"eye_other","C698-C699","9520-9582","C698","C699","9520","9582"
133,"eye_other","C698-C699","9700-9701","C698","C699","9700","9701"
115,"fallopian_tube","C570","8000-9136","C570","C570","8000","9136"
115,"fallopian_tube","C570","9141-9582","C570","C570","9141","9582"
115,"fallopian_tube","C570","9700-9701","C570","C570","9700","9701"
17,"floor_mouth","C040-C041","8000-8713","C040","C041","8000","8713"
17,"floor_mouth","C040-C041","8800-9136","C040","C041","8800","9136"
17,"floor_mouth","C040-C041","9141-9582","C040","C041","9141","9582"
17,"floor_mouth","C040-C041","9700-9701","C040","C041","9700","9701"
17,"floor_mouth","C048-C049","8000-8713","C048","C049","8000","8713"
17,"floor_mouth","C048-C049","8800-9136","C048","C049","8800","9136"
17,"floor_mouth","C048-C049","9141-9582","C048","C049","9141","9582"
17,"floor_mouth","C048-C049","9700-9701","C048","C049","9700","9701"
62,"gallbladder","C239","8000-9136","C239","C239","8000","9136"
62,"gallbladder","C239","9141-9582","C239","C239","9141","9582"
62,"gallbladder","C239","9700-9701","C239","C239","9700","9701"
117,"genital_female_other","C577-C579","8000-9136","C577","C579","8000","9136"
117,"genital_female_other","C577-C579","9141-9582","C577","C579","9141","9582"
117,"genital_female_other","C577-C579","9700-9701","C577","C579","9700","9701"
123,"genital_male_other","C630-C631","8000-9136","C630","C631","8000","9136"
123,"genital_male_other","C630-C631","9141-9582","C630","C631","9141","9582"
123,"genital_male_other","C630-C631","9700-9701","C630","C631","9700","9701"
123,"genital_male_other","C637-C639","8000-9136","C637","C639","8000","9136"
123,"genital_male_other","C637-C639","9141-9582","C637","C639","9141","9582"
123,"genital_male_other","C637-C639","9700-9701","C637","C639","9700","9701"
52,"gist_appendix","C181","8935-8936","C181","C181","8935","8936"
54,"gist_colon","C180","8935-8936","C180","C180","8935","8936"
54,"gist_colon","C182-C189","8935-8936","C182","C189","8935","8936"
42,"gist_esophagus","C150-C155","8935-8936","C150","C155","8935","8936"
42,"gist_esophagus","C158-C159","8935-8936","C158","C159","8935","8936"
104,"gist_peritoneum","C480-C482","8935-8936","C480","C482","8935","8936"
104,"gist_peritoneum","C488","8935-8936","C488","C488","8935","8936"
57,"gist_rectum","C199","8935-8936","C199","C199","8935","8936"
57,"gist_rectum","C209","8935-8936","C209","C209","8935","8936"
48,"gist_small_intestine","C170-C173","8935-8936","C170","C173","8935","8936"
48,"gist_small_intestine","C178-C179","8935-8936","C178","C179","8935","8936"
45,"gist_stomach","C160-C166","8935-8936","C160","C166","8935","8936"
45,"gist_stomach","C168-C169","8935-8936","C168","C169","8935","8936"
13,"gum_lower","C031","8000-8713","C031","C031","8000","8713"
13,"gum_lower","C031","8800-9136","C031","C031","8800","9136"
13,"gum_lower","C031","9141-9582","C031","C031","9141","9582"
13,"gum_lower","C031","9700-9701","C031","C031","9700","9701"
13,"gum_lower","C062","8000-8713","C062","C062","8000","8713"
13,"gum_lower","C062","8800-9136","C062","C062","8800","9136"
13,"gum_lower","C062","9141-9582","C062","C062","9141","9582"
13,"gum_lower","C062","9700-9701","C062","C062","9700","9701"
15,"gum_other","C039","8000-8713","C039","C039","8000","8713"
15,"gum_other","C039","8800-9136","C039","C039","8800","9136"
15,"gum_other","C039","9141-9582","C039","C039","9141","9582"
15,"gum_other","C039","9700-9701","C039","C039","9700","9701"
11,"gum_upper","C030","8000-8713","C030","C030","8000","8713"
11,"gum_upper","C030","8800-9136","C030","C030","8800","9136"
11,"gum_upper","C030","9141-9582","C030","C030","9141","9582"
11,"gum_upper","C030","9700-9701","C030","C030","9700","9701"
92,"heart_mediastinum","C380-C383","8000-9136","C380","C383","8000","9136"
92,"heart_mediastinum","C380-C383","9141-9582","C380","C383","9141","9582"
92,"heart_mediastinum","C380-C383","9700-9701","C380","C383","9700","9701"
92,"heart_mediastinum","C388","8000-9136","C388","C388","8000","9136"
92,"heart_mediastinum","C388","9141-9582","C388","C388","9141","9582"
92,"heart_mediastinum","C388","9700-9701","C388","C388","9700","9701"
151,"heme_retic","C000-C809","9740-9809","C000","C809","9740","9809"
151,"heme_retic","C000-C809","9840-9992","C000","C809","9840","9992"
37,"hypopharynx","C129","8000-8713","C129","C129","8000","8713"
37,"hypopharynx","C129","8800-9136","C129","C129","8800","9136"
37,"hypopharynx","C129","9141-9582","C129","C129","9141","9582"
37,"hypopharynx","C129","9700-9701","C129","C129","9700","9701"
37,"hypopharynx","C130-C132","8000-8713","C130","C132","8000","8713"
37,"hypopharynx","C130-C132","8800-9136","C130","C132","8800","9136"
37,"hypopharynx","C130-C132","9141-9582","C130","C132","9141","9582"
37,"hypopharynx","C130-C132","9700-9701","C130","C132","9700","9701"
37,"hypopharynx","C138-C139","8000-8713","C138","C139","8000","8713"
37,"hypopharynx","C138-C139","8800-9136","C138","C139","8800","9136"
37,"hypopharynx","C138-C139","9141-9582","C138","C139","9141","9582"
37,"hypopharynx","C138-C139","9700-9701","C138","C139","9700","9701"
153,"ill_defined_other","C420-C424","8000-9136","C420","C424","8000","9136"
153,"ill_defined_other","C420-C424","9141-9582","C420","C424","9141","9582"
153,"ill_defined_other","C420-C424","9700-9701","C420","C424","9700","9701"
153,"ill_defined_other","C760-C765","8000-9136","C760","C765","8000","9136"
153,"ill_defined_other","C760-C765","9141-9582","C760","C765","9141","9582"
153,"ill_defined_other","C760-C765","9700-9701","C760","C765","9700","9701"
153,"ill_defined_other","C767-C768","8000-9136","C767","C768","8000","9136"
153,"ill_defined_other","C767-C768","9141-9582","C767","C768","9141","9582"
153,"ill_defined_other","C767-C768","9700-9701","C767","C768","9700","9701"
153,"ill_defined_other","C770-C775","8000-9136","C770","C775","8000","9136"
153,"ill_defined_other","C770-C775","9141-9582","C770","C775","9141","9582"
153,"ill_defined_other","C770-C775","9700-9701","C770","C775","9700","9701"
153,"ill_defined_other","C778-C779","8000-9136","C778","C779","8000","9136"
153,"ill_defined_other","C778-C779","9141-9582","C778","C779","9141","9582"
153,"ill_defined_other","C778-C779","9700-9701","C778","C779","9700","9701"
153,"ill_defined_other","C809","8000-9136","C809","C809","8000","9136"
153,"ill_defined_other","C809","9141-9582","C809","C809","9141","9582"
153,"ill_defined_other","C809","9700-9701","C809","C809","9700","9701"
145,"intracranial_gland","C751","8000-9136","C751","C751","8000","9136"
145,"intracranial_gland","C751","9141-9582","C751","C751","9141","9582"
145,"intracranial_gland","C751","9700-9701","C751","C751","9700","9701"
145,"intracranial_gland","C752","8000-9136","C752","C752","8000","9136"
145,"intracranial_gland","C752","9141-9582","C752","C752","9141","9582"
145,"intracranial_gland","C752","9700-9701","C752","C752","9700","9701"
145,"intracranial_gland","C753","8000-9136","C753","C753","8000","9136"
145,"intracranial_gland","C753","9141-9582","C753","C753","9141","9582"
145,"intracranial_gland","C753","9700-9701","C753","C753","9700","9701"
149,"kaposi_sarcoma","C000-C809","9140","C000","C809","9140","9140"
126,"kidney_parenchyma","C649","8000-9136","C649","C649","8000","9136"
126,"kidney_parenchyma","C649","9141-9582","C649","C649","9141","9582"
126,"kidney_parenchyma","C649","9700-9701","C649","C649","9700","9701"
127,"kidney_renal_pelvis","C659","8000-9136","C659","C659","8000","9136"
127,"kidney_renal_pelvis","C659","9141-9582","C659","C659","9141","9582"
127,"kidney_renal_pelvis","C659","9700-9701","C659","C659","9700","9701"
127,"kidney_renal_pelvis","C669","8000-9136","C669","C669","8000","9136"
127,"kidney_renal_pelvis","C669","9141-9582","C669","C669","9141","9582"
127,"kidney_renal_pelvis","C669","9700-9701","C669","C669","9700","9701"
138,"lacrimal_gland","C695","8000-8713","C695","C695","8000","8713"
138,"lacrimal_gland","C695","8800-9136","C695","C695","8800","9136"
138,"lacrimal_gland","C695","9141-9508","C695","C695","9141","9508"
138,"lacrimal_gland","C695","9520-9582","C695","C695","9520","9582"
138,"lacrimal_gland","C695","9700-9701","C695","C695","9700","9701"
139,"lacrimal_sac","C695","8000-8713","C695","C695","8000","8713"
139,"lacrimal_sac","C695","8800-9136","C695","C695","8800","9136"
139,"lacrimal_sac","C695","9141-9508","C695","C695","9141","9508"
139,"lacrimal_sac","C695","9520-9582","C695","C695","9520","9582"
139,"lacrimal_sac","C695","9700-9701","C695","C695","9700","9701"
82,"larynx_glottic","C320","8000-8713","C320","C320","8000","8713"
82,"larynx_glottic","C320","8800-9136","C320","C320","8800","9136"
82,"larynx_glottic","C320","9141-9582","C320","C320","9141","9582"
82,"larynx_glottic","C320","9700-9701","C320","C320","9700","9701"
88,"larynx_other","C323","8000-8713","C323","C323","8000","8713"
88,"larynx_other","C323","8800-9136","C323","C323","8800","9136"
88,"larynx_other","C323","9141-9582","C323","C323","9141","9582"
88,"larynx_other","C323","9700-9701","C323","C323","9700","9701"
88,"larynx_other","C328-C329","8000-8713","C328","C329","8000","8713"
88,"larynx_other","C328-C329","8800-9136","C328","C329","8800","9136"
88,"larynx_other","C328-C329","9141-9582","C328","C329","9141","9582"
88,"larynx_other","C328-C329","9700-9701","C328","C329","9700","9701"
86,"larynx_subglottic","C322","8000-8713","C322","C322","8000","8713"
86,"larynx_subglottic","C322","8800-9136","C322","C322","8800","9136"
86,"larynx_subglottic","C322","9141-9582","C322","C322","9141","9582"
86,"larynx_subglottic","C322","9700-9701","C322","C322","9700","9701"
84,"larynx_supraglottic","C321","8000-8713","C321","C321","8000","8713"
84,"larynx_supraglottic","C321","8800-9136","C321","C321","8800","9136"
84,"larynx_supraglottic","C321","9141-9582","C321","C321","9141","9582"
84,"larynx_supraglottic","C321","9700-9701","C321","C321","9700","9701"
3,"lip_lower","C001","8000-8713","C001","C001","8000","8713"
3,"lip_lower","C001","8800-9136","C001","C001","8800","9136"
3,"lip_lower","C001","9141-9582","C001","C001","9141","9582"
3,"lip_lower","C001","9700-9701","C001","C001","9700","9701"
3,"lip_lower","C004","8000-8713","C004","C004","8000","8713"
3,"lip_lower","C004","8800-9136","C004","C004","8800","9136"
3,"lip_lower","C004","9141-9582","C004","C004","9141","9582"
3,"lip_lower","C004","9700-9701","C004","C004","9700","9701"
3,"lip_lower","C006","8000-8713","C006","C006","8000","8713"
3,"lip_lower","C006","8800-9136","C006","C006","8800","9136"
3,"lip_lower","C006","9141-9582","C006","C006","9141","9582"
3,"lip_lower","C006","9700-9701","C006","C006","9700","9701"
5,"lip_other","C002","8000-8713","C002","C002","8000","8713"
5,"lip_other","C002","8800-9136","C002","C002","8800","9136"
5,"lip_other","C002","9141-9582","C002","C002","9141","9582"
5,"lip_other","C002","9700-9701","C002","C002","9700","9701"
5,"lip_other","C005","8000-8713","C005","C005","8000","8713"
5,"lip_other","C005","8800-9136","C005","C005","8800","9136"
5,"lip_other","C005","9141-9582","C005","C005","9141","9582"
5,"lip_other","C005","9700-9701","C005","C005","9700","9701"
5,"lip_other","C008-C009","8000-8713","C008","C009","8000","8713"
5,"lip_other","C008-C009","8800-9136","C008","C009","8800","9136"
5,"lip_other","C008-C009","9141-9582","C008","C009","9141","9582"
5,"lip_other","C008-C009","9700-9701","C008","C009","9700","9701"
1,"lip_upper","C000","8000-8713","C000","C000","8000","8713"
1,"lip_upper","C000","8800-9136","C000","C000","8800","9136"
1,"lip_upper","C000","9141-9582","C000","C000","9141","9582"
1,"lip_upper","C000","9700-9701","C000","C000","9700","9701"
1,"lip_upper","C003","8000-8713","C003","C003","8000","8713"
1,"lip_upper","C003","8800-9136","C003","C003","8800","9136"
1,"lip_upper","C003","9141-9582","C003","C003","9141","9582"
1,"lip_upper","C003","9700-9701","C003","C003","9700","9701"
60,"liver","C220","8000-8157","C220","C220","8000","8157"
60,"liver","C220","8162-8175","C220","C220","8162","8175"
60,"liver","C220","8190-9136","C220","C220","8190","9136"
60,"liver","C220","9141-9582","C220","C220","9141","9582"
60,"liver","C220","9700-9701","C220","C220","9700","9701"
91,"lung","C340-C343","8000-9136","C340","C343","8000","9136"
91,"lung","C340-C343","9141-9582","C340","C343","9141","9582"
91,"lung","C340-C343","9700-9701","C340","C343","9700","9701"
91,"lung","C348-C349","8000-9136","C348","C349","8000","9136"
91,"lung","C348-C349","9141-9582","C348","C349","9141","9582"
91,"lung","C348-C349","9700-9701","C348","C349","9700","9701"
150,"lymphoma","C000-C440","9590-9699","C000","C440","9590","9699"
150,"lymphoma","C000-C440","9702-9729","C000","C440","9702","9729"
150,"lymphoma","C000-C440","9735","C000","C440","9735","9735"
150,"lymphoma","C000-C440","9737","C000","C440","9737","9737"
150,"lymphoma","C000-C440","9738","C000","C440","9738","9738"
150,"lymphoma","C442-C689","9590-9699","C442","C689","9590","9699"
150,"lymphoma","C442-C689","9702-9729","C442","C689","9702","9729"
150,"lymphoma","C442-C689","9735","C442","C689","9735","9735"
150,"lymphoma","C442-C689","9737","C442","C689","9737","9737"
150,"lymphoma","C442-C689","9738","C442","C689","9738","9738"
150,"lymphoma","C691-C694","9590-9699","C691","C694","9590","9699"
150,"lymphoma","C691-C694","9702-9729","C691","C694","9702","9729"
150,"lymphoma","C691-C694","9735","C691","C694","9735","9735"
150,"lymphoma","C691-C694","9737","C691","C694","9737","9737"
150,"lymphoma","C691-C694","9738","C691","C694","9738","9738"
150,"lymphoma","C698-C809","9590-9699","C698","C809","9590","9699"
150,"lymphoma","C698-C809","9702-9729","C698","C809","9702","9729"
150,"lymphoma","C698-C809","9735","C698","C809","9735","9735"
150,"lymphoma","C698-C809","9737","C698","C809","9737","9737"
150,"lymphoma","C698-C809","9738","C698","C809","9738","9738"
142,"lymphoma_ocular_adnexa","C441","9590-9699","C441","C441","9590","9699"
142,"lymphoma_ocular_adnexa","C441","9702-9738","C441","C441","9702","9738"
142,"lymphoma_ocular_adnexa","C441","9811-9818","C441","C441","9811","9818"
142,"lymphoma_ocular_adnexa","C441","9820-9837","C441","C441","9820","9837"
142,"lymphoma_ocular_adnexa","C690","9590-9699","C690","C690","9590","9699"
142,"lymphoma_ocular_adnexa","C690","9702-9738","C690","C690","9702","9738"
142,"lymphoma_ocular_adnexa","C690","9811-9818","C690","C690","9811","9818"
142,"lymphoma_ocular_adnexa","C690","9820-9837","C690","C690","9820","9837"
142,"lymphoma_ocular_adnexa","C695-C696","9590-9699","C695","C696","9590","9699"
142,"lymphoma_ocular_adnexa","C695-C696","9702-9738","C695","C696","9702","9738"
142,"lymphoma_ocular_adnexa","C695-C696","9811-9818","C695","C696","9811","9818"
142,"lymphoma_ocular_adnexa","C695-C696","9820-9837","C695","C696","9820","9837"
26,"melanoma_buccal_mucosa","C060-C061","8720-8790","C060","C061","8720","8790"
136,"melanoma_choroid","C693","8720-8790","C693","C693","8720","8790"
135,"melanoma_ciliary_body","C694","8720-8790","C694","C694","8720","8790"
132,"melanoma_conjunctiva","C690","8720-8790","C690","C690","8720","8790"
33,"melanoma_epiglottis_anterior","C101","8720-8790","C101","C101","8720","8790"
137,"melanoma_eye_other","C691","8720-8790","C691","C691","8720","8790"
137,"melanoma_eye_other","C692","8720-8790","C692","C692","8720","8790"
137,"melanoma_eye_other","C695","8720-8790","C695","C695","8720","8790"
137,"melanoma_eye_other","C698-C699","8720-8790","C698","C699","8720","8790"
18,"melanoma_floor_mouth","C040-C041","8720-8790","C040","C041","8720","8790"
18,"melanoma_floor_mouth","C048-C049","8720-8790","C048","C049","8720","8790"
14,"melanoma_gum_lower","C031","8720-8790","C031","C031","8720","8790"
14,"melanoma_gum_lower","C062","8720-8790","C062","C062","8720","8790"
16,"melanoma_gum_other","C039","8720-8790","C039","C039","8720","8790"
12,"melanoma_gum_upper","C030","8720-8790","C030","C030","8720","8790"
38,"melanoma_hypopharynx","C129","8720-8790","C129","C129","8720","8790"
38,"melanoma_hypopharynx","C130-C132","8720-8790","C130","C132","8720","8790"
38,"melanoma_hypopharynx","C138-C139","8720-8790","C138","C139","8720","8790"
134,"melanoma_iris","C694","8720-8790","C694","C694","8720","8790"
83,"melanoma_larynx_glottic","C320","8720-8790","C320","C320","8720","8790"
89,"melanoma_larynx_other","C323","8720-8790","C323","C323","8720","8790"
89,"melanoma_larynx_other","C328-C329","8720-8790","C328","C329","8720","8790"
87,"melanoma_larynx_subglottic","C322","8720-8790","C322","C322","8720","8790"
85,"melanoma_larynx_supraglottic","C321","8720-8790","C321","C321","8720","8790"
4,"melanoma_lip_lower","C001","8720-8790","C001","C001","8720","8790"
4,"melanoma_lip_lower","C004","8720-8790","C004","C004","8720","8790"
4,"melanoma_lip_lower","C006","8720-8790","C006","C006","8720","8790"
6,"melanoma_lip_other","C002","8720-8790","C002","C002","8720","8790"
6,"melanoma_lip_other","C005","8720-8790","C005","C005","8720","8790"
6,"melanoma_lip_other","C008-C009","8720-8790","C008","C009","8720","8790"
2,"melanoma_lip_upper","C000","8720-8790","C000","C000","8720","8790"
2,"melanoma_lip_upper","C003","8720-8790","C003","C003","8720","8790"
24,"melanoma_mouth_other","C058-C059","8720-8790","C058","C059","8720","8790"
24,"melanoma_mouth_other","C068-C069","8720-8790","C068","C069","8720","8790"
74,"melanoma_nasal_cavity","C300","8720-8790","C300","C300","8720","8790"
35,"melanoma_nasopharynx","C110-C113","8720-8790","C110","C113","8720","8790"
35,"melanoma_nasopharynx","C118-C119","8720-8790","C118","C119","8720","8790"
31,"melanoma_oropharynx","C090-C091","8720-8790","C090","C091","8720","8790"
31,"melanoma_oropharynx","C098-C099","8720-8790","C098","C099","8720","8790"
31,"melanoma_oropharynx","C100","8720-8790","C100","C100","8720","8790"
31,"melanoma_oropharynx","C102-C104","8720-8790","C102","C104","8720","8790"
31,"melanoma_oropharynx","C108-C109","8720-8790","C108","C109","8720","8790"
20,"melanoma_palate_hard","C050","8720-8790","C050","C050","8720","8790"
22,"melanoma_palate_soft","C051-C052","8720-8790","C051","C052","8720","8790"
40,"melanoma_pharynx_other","C140","8720-8790","C140","C140","8720","8790"
40,"melanoma_pharynx_other","C142","8720-8790","C142","C142","8720","8790"
40,"melanoma_pharynx_other","C148","8720-8790","C148","C148","8720","8790"
79,"melanoma_sinus_ethmoid","C311","8720-8790","C311","C311","8720","8790"
77,"melanoma_sinus_maxillary","C310","8720-8790","C310","C310","8720","8790"
81,"melanoma_sinus_other","C312-C313","8720-8790","C312","C313","8720","8790"
81,"melanoma_sinus_other","C318-C319","8720-8790","C318","C319","8720","8790"
99,"melanoma_skin","C440-C449","8720-8790","C440","C449","8720","8790"
99,"melanoma_skin","C510-C512","8720-8790","C510","C512","8720","8790"
99,"melanoma_skin","C518-C519","8720-8790","C518","C519","8720","8790"
99,"melanoma_skin","C600-C602","8720-8790","C600","C602","8720","8790"
99,"melanoma_skin","C608-C609","8720-8790","C608","C609","8720","8790"
99,"melanoma_skin","C632","8720-8790","C632","C632","8720","8790"
10,"melanoma_tongue_anterior","C020-C023","8720-8790","C020","C023","8720","8790"
10,"melanoma_tongue_anterior","C028-C029","8720-8790","C028","C029","8720","8790"
8,"melanoma_tongue_base","C019","8720-8790","C019","C019","8720","8790"
8,"melanoma_tongue_base","C024","8720-8790","C024","C024","8720","8790"
120,"merkel_cell_penis","C600-C602","8247","C600","C602","8247","8247"
120,"merkel_cell_penis","C608-C609","8247","C608","C609","8247","8247"
125,"merkel_cell_scrotum","C632","8247","C632","C632","8247","8247"
98,"merkel_cell_skin","C440","8247","C440","C440","8247","8247"
98,"merkel_cell_skin","C442-C449","8247","C442","C449","8247","8247"
108,"merkel_cell_vulva","C510-C512","8247","C510","C512","8247","8247"
108,"merkel_cell_vulva","C518-C519","8247","C518","C519","8247","8247"
75,"middle_ear","C301","8000-9136","C301","C301","8000","9136"
75,"middle_ear","C301","9141-9582","C301","C301","9141","9582"
75,"middle_ear","C301","9700-9701","C301","C301","9700","9701"
23,"mouth_other","C058-C059","8000-8713","C058","C059","8000","8713"
23,"mouth_other","C058-C059","8800-9136","C058","C059","8800","9136"
23,"mouth_other","C058-C059","9141-9582","C058","C059","9141","9582"
23,"mouth_other","C058-C059","9700-9701","C058","C059","9700","9701"
23,"mouth_other","C068-C069","8000-8713","C068","C069","8000","8713"
23,"mouth_other","C068-C069","8800-9136","C068","C069","8800","9136"
23,"mouth_other","C068-C069","9141-9582","C068","C069","9141","9582"
23,"mouth_other","C068-C069","9700-9701","C068","C069","9700","9701"
100,"mycosis_fungoides","C440-C449","9700-9701","C440","C449","9700","9701"
100,"mycosis_fungoides","C510-C512","9700-9701","C510","C512","9700","9701"
100,"mycosis_fungoides","C518-C519","9700-9701","C518","C519","9700","9701"
100,"mycosis_fungoides","C600-C602","9700-9701","C600","C602","9700","9701"
100,"mycosis_fungoides","C608-C609","9700-9701","C608","C609","9700","9701"
100,"mycosis_fungoides","C632","9700-9701","C632","C632","9700","9701"
152,"myeloma_plasma_cell_disorder","C000-C440","9731","C000","C440","9731","9731"
152,"myeloma_plasma_cell_disorder","C000-C440","9732","C000","C440","9732","9732"
152,"myeloma_plasma_cell_disorder","C000-C440","9734","C000","C440","9734","9734"
152,"myeloma_plasma_cell_disorder","C442-C689","9731","C442","C689","9731","9731"
152,"myeloma_plasma_cell_disorder","C442-C689","9732","C442","C689","9732","9732"
152,"myeloma_plasma_cell_disorder","C442-C689","9734","C442","C689","9734","9734"
152,"myeloma_plasma_cell_disorder","C691-C694","9731","C691","C694","9731","9731"
152,"myeloma_plasma_cell_disorder","C691-C694","9732","C691","C694","9732","9732"
152,"myeloma_plasma_cell_disorder","C691-C694","9734","C691","C694","9734","9734"
152,"myeloma_plasma_cell_disorder","C698-C809","9731","C698","C809","9731","9731"
152,"myeloma_plasma_cell_disorder","C698-C809","9732","C698","C809","9732","9732"
152,"myeloma_plasma_cell_disorder","C698-C809","9734","C698","C809","9734","9734"
73,"nasal_cavity","C300","8000-8713","C300","C300","8000","8713"
73,"nasal_cavity","C300","8800-9136","C300","C300","8800","9136"
73,"nasal_cavity","C300","9141-9582","C300","C300","9141","9582"
73,"nasal_cavity","C300","9700-9701","C300","C300","9700","9701"
34,"nasopharynx","C110","8000-8713","C110","C110","8000","8713"
34,"nasopharynx","C110","8800-9136","C110","C110","8800","9136"
34,"nasopharynx","C110","9141-9582","C110","C110","9141","9582"
34,"nasopharynx","C110","9700-9701","C110","C110","9700","9701"
34,"nasopharynx","C112","8000-8713","C112","C112","8000","8713"
34,"nasopharynx","C112","8800-9136","C112","C112","8800","9136"
34,"nasopharynx","C112","9141-9582","C112","C112","9141","9582"
34,"nasopharynx","C112","9700-9701","C112","C112","9700","9701"
34,"nasopharynx","C113","8000-8713","C113","C113","8000","8713"
34,"nasopharynx","C113","8800-9136","C113","C113","8800","9136"
34,"nasopharynx","C113","9141-9582","C113","C113","9141","9582"
34,"nasopharynx","C113","9700-9701","C113","C113","9700","9701"
34,"nasopharynx","C118-C119","8000-8713","C118","C119","8000","8713"
34,"nasopharynx","C118-C119","8800-9136","C118","C119","8800","9136"
34,"nasopharynx","C118-C119","9141-9582","C118","C119","9141","9582"
34,"nasopharynx","C118-C119","9700-9701","C118","C119","9700","9701"
67,"net_ampulla","C241","8153","C241","C241","8153","8153"
67,"net_ampulla","C241","8240-8242","C241","C241","8240","8242"
67,"net_ampulla","C241","8246","C241","C241","8246","8246"
67,"net_ampulla","C241","8249","C241","C241","8249","8249"
55,"net_colon","C180","8153","C180","C180","8153","8153"
55,"net_colon","C180","8240-8242","C180","C180","8240","8242"
55,"net_colon","C180","8246","C180","C180","8246","8246"
55,"net_colon","C180","8249","C180","C180","8249","8249"
55,"net_colon","C182-C189","8153","C182","C189","8153","8153"
55,"net_colon","C182-C189","8240-8242","C182","C189","8240","8242"
55,"net_colon","C182-C189","8246","C182","C189","8246","8246"
55,"net_colon","C182-C189","8249","C182","C189","8249","8249"
58,"net_rectum","C199","8153","C199","C199","8153","8153"
58,"net_rectum","C199","8240-8242","C199","C199","8240","8242"
58,"net_rectum","C199","8246","C199","C199","8246","8246"
58,"net_rectum","C199","8249","C199","C199","8249","8249"
58,"net_rectum","C209","8153","C209","C209","8153","8153"
58,"net_rectum","C209","8240-8242","C209","C209","8240","8242"
58,"net_rectum","C209","8246","C209","C209","8246","8246"
58,"net_rectum","C209","8249","C209","C209","8249","8249"
49,"net_small_intestine","C170-C173","8153","C170","C173","8153","8153"
49,"net_small_intestine","C170-C173","8240-8242","C170","C173","8240","8242"
49,"net_small_intestine","C170-C173","8246","C170","C173","8246","8246"
49,"net_small_intestine","C170-C173","8249","C170","C173","8249","8249"
49,"net_small_intestine","C178-C179","8153","C178","C179","8153","8153"
49,"net_small_intestine","C178-C179","8240-8242","C178","C179","8240","8242"
49,"net_small_intestine","C178-C179","8246","C178","C179","8246","8246"
49,"net_small_intestine","C178-C179","8249","C178","C179","8249","8249"
46,"net_stomach","C160-C166","8153","C160","C166","8153","8153"
46,"net_stomach","C160-C166","8240-8242","C160","C166","8240","8242"
46,"net_stomach","C160-C166","8246","C160","C166","8246","8246"
46,"net_stomach","C160-C166","8249","C160","C166","8249","8249"
46,"net_stomach","C168-C169","8153","C168","C169","8153","8153"
46,"net_stomach","C168-C169","8240-8242","C168","C169","8240","8242"
46,"net_stomach","C168-C169","8246","C168","C169","8246","8246"
46,"net_stomach","C168-C169","8249","C168","C169","8249","8249"
140,"orbit","C696","8000-9136","C696","C696","8000","9136"
140,"orbit","C696","9141-9508","C696","C696","9141","9508"
140,"orbit","C696","9520-9582","C696","C696","9520","9582"
140,"orbit","C696","9700-9701","C696","C696","9700","9701"
30,"oropharynx","C090-C091","8000-8713","C090","C091","8000","8713"
30,"oropharynx","C090-C091","8800-9136","C090","C091","8800","9136"
30,"oropharynx","C090-C091","9141-9582","C090","C091","9141","9582"
30,"oropharynx","C090-C091","9700-9701","C090","C091","9700","9701"
30,"oropharynx","C098-C099","8000-8713","C098","C099","8000","8713"
30,"oropharynx","C098-C099","8800-9136","C098","C099","8800","9136"
30,"oropharynx","C098-C099","9141-9582","C098","C099","9141","9582"
30,"oropharynx","C098-C099","9700-9701","C098","C099","9700","9701"
30,"oropharynx","C100","8000-8713","C100","C100","8000","8713"
30,"oropharynx","C100","8800-9136","C100","C100","8800","9136"
30,"oropharynx","C100","9141-9582","C100","C100","9141","9582"
30,"oropharynx","C100","9700-9701","C100","C100","9700","9701"
30,"oropharynx","C102-C104","8000-8713","C102","C104","8000","8713"
30,"oropharynx","C102-C104","8800-9136","C102","C104","8800","9136"
30,"oropharynx","C102-C104","9141-9582","C102","C104","9141","9582"
30,"oropharynx","C102-C104","9700-9701","C102","C104","9700","9701"
30,"oropharynx","C108-C109","8000-8713","C108","C109","8000","8713"
30,"oropharynx","C108-C109","8800-9136","C108","C109","8800","9136"
30,"oropharynx","C108-C109","9141-9582","C108","C109","9141","9582"
30,"oropharynx","C108-C109","9700-9701","C108","C109","9700","9701"
114,"ovary","C569","8000-9136","C569","C569","8000","9136"
114,"ovary","C569","9141-9582","C569","C569","9141","9582"
114,"ovary","C569","9700-9701","C569","C569","9700","9701"
19,"palate_hard","C050","8000-8713","C050","C050","8000","8713"
19,"palate_hard","C050","8800-9136","C050","C050","8800","9136"
19,"palate_hard","C050","9141-9582","C050","C050","9141","9582"
19,"palate_hard","C050","9700-9701","C050","C050","9700","9701"
21,"palate_soft","C051-C052","8000-8713","C051","C052","8000","8713"
21,"palate_soft","C051-C052","8800-9136","C051","C052","8800","9136"
21,"palate_soft","C051-C052","9141-9582","C051","C052","9141","9582"
21,"palate_soft","C051-C052","9700-9701","C051","C052","9700","9701"
70,"pancreas_body_tail","C251-C252","8000-9136","C251","C252","8000","9136"
70,"pancreas_body_tail","C251-C252","9141-9582","C251","C252","9141","9582"
70,"pancreas_body_tail","C251-C252","9700-9701","C251","C252","9700","9701"
69,"pancreas_head","C250","8000-9136","C250","C250","8000","9136"
69,"pancreas_head","C250","9141-9582","C250","C250","9141","9582"
69,"pancreas_head","C250","9700-9701","C250","C250","9700","9701"
71,"pancreas_other","C253-C254","8000-9136","C253","C254","8000","9136"
71,"pancreas_other","C253-C254","9141-9582","C253","C254","9141","9582"
71,"pancreas_other","C253-C254","9700-9701","C253","C254","9700","9701"
71,"pancreas_other","C257-C259","8000-9136","C257","C259","8000","9136"
71,"pancreas_other","C257-C259","9141-9582","C257","C259","9141","9582"
71,"pancreas_other","C257-C259","9700-9701","C257","C259","9700","9701"
27,"parotid_gland","C079","8000-9136","C079","C079","8000","9136"
27,"parotid_gland","C079","9141-9582","C079","C079","9141","9582"
27,"parotid_gland","C079","9700-9701","C079","C079","9700","9701"
119,"penis","C600-C602","8000-8246","C600","C602","8000","8246"
119,"penis","C600-C602","8248-8713","C600","C602","8248","8713"
119,"penis","C600-C602","8800-9136","C600","C602","8800","9136"
119,"penis","C600-C602","9141-9582","C600","C602","9141","9582"
119,"penis","C608-C609","8000-8246","C608","C609","8000","8246"
119,"penis","C608-C609","8248-8713","C608","C609","8248","8713"
119,"penis","C608-C609","8800-9136","C608","C609","8800","9136"
119,"penis","C608-C609","9141-9582","C608","C609","9141","9582"
102,"peritoneum","C481-C482","8000-8576","C481","C482","8000","8576"
102,"peritoneum","C481-C482","8590-8671","C481","C482","8590","8671"
102,"peritoneum","C481-C482","8930-8934","C481","C482","8930","8934"
102,"peritoneum","C481-C482","8940-9110","C481","C482","8940","9110"
102,"peritoneum","C488","8000-8576","C488","C488","8000","8576"
102,"peritoneum","C488","8590-8671","C488","C488","8590","8671"
102,"peritoneum","C488","8930-8934","C488","C488","8930","8934"
102,"peritoneum","C488","8940-9110","C488","C488","8940","9110"
105,"peritoneum_female_gen","C481-C482","8000-8576","C481","C482","8000","8576"
105,"peritoneum_female_gen","C481-C482","8590-8671","C481","C482","8590","8671"
105,"peritoneum_female_gen","C481-C482","8930-8934","C481","C482","8930","8934"
105,"peritoneum_female_gen","C481-C482","8940-9110","C481","C482","8940","9110"
105,"peritoneum_female_gen","C488","8000-8576","C488","C488","8000","8576"
105,"peritoneum_female_gen","C488","8590-8671","C488","C488","8590","8671"
105,"peritoneum_female_gen","C488","8930-8934","C488","C488","8930","8934"
105,"peritoneum_female_gen","C488","8940-9110","C488","C488","8940","9110"
36,"pharyngeal_tonsil","C111","8000-8713","C111","C111","8000","8713"
36,"pharyngeal_tonsil","C111","8800-9136","C111","C111","8800","9136"
36,"pharyngeal_tonsil","C111","9141-9582","C111","C111","9141","9582"
36,"pharyngeal_tonsil","C111","9700-9701","C111","C111","9700","9701"
39,"pharynx_other","C140","8000-8713","C140","C140","8000","8713"
39,"pharynx_other","C140","8800-9136","C140","C140","8800","9136"
39,"pharynx_other","C140","9141-9582","C140","C140","9141","9582"
39,"pharynx_other","C140","9700-9701","C140","C140","9700","9701"
39,"pharynx_other","C142","8000-8713","C142","C142","8000","8713"
39,"pharynx_other","C142","8800-9136","C142","C142","8800","9136"
39,"pharynx_other","C142","9141-9582","C142","C142","9141","9582"
39,"pharynx_other","C142","9700-9701","C142","C142","9700","9701"
39,"pharynx_other","C148","8000-8713","C148","C148","8000","8713"
39,"pharynx_other","C148","8800-9136","C148","C148","8800","9136"
39,"pharynx_other","C148","9141-9582","C148","C148","9141","9582"
39,"pharynx_other","C148","9700-9701","C148","C148","9700","9701"
118,"placenta","C589","8000-9136","C589","C589","8000","9136"
118,"placenta","C589","9141-9582","C589","C589","9141","9582"
118,"placenta","C589","9700-9701","C589","C589","9700","9701"
93,"pleura","C384","8000-9136","C384","C384","8000","9136"
93,"pleura","C384","9141-9582","C384","C384","9141","9582"
93,"pleura","C384","9700-9701","C384","C384","9700","9701"
121,"prostate","C619","8000-9136","C619","C619","8000","9136"
121,"prostate","C619","9141-9582","C619","C619","9141","9582"
121,"prostate","C619","9700-9701","C619","C619","9700","9701"
56,"rectum","C199","8000-8152","C199","C199","8000","8152"
56,"rectum","C199","8154-8231","C199","C199","8154","8231"
56,"rectum","C199","8243-8245","C199","C199","8243","8245"
56,"rectum","C199","8247","C199","C199","8247","8247"
56,"rectum","C199","8248","C199","C199","8248","8248"
56,"rectum","C199","8250-8934","C199","C199","8250","8934"
56,"rectum","C199","8940-9136","C199","C199","8940","9136"
56,"rectum","C199","9141-9582","C199","C199","9141","9582"
56,"rectum","C199","9700-9701","C199","C199","9700","9701"
56,"rectum","C209","8000-8152","C209","C209","8000","8152"
56,"rectum","C209","8154-8231","C209","C209","8154","8231"
56,"rectum","C209","8243-8245","C209","C209","8243","8245"
56,"rectum","C209","8247","C209","C209","8247","8247"
56,"rectum","C209","8248","C209","C209","8248","8248"
56,"rectum","C209","8250-8934","C209","C209","8250","8934"
56,"rectum","C209","8940-9136","C209","C209","8940","9136"
56,"rectum","C209","9141-9582","C209","C209","9141","9582"
56,"rectum","C209","9700-9701","C209","C209","9700","9701"
94,"respiratory_other","C390","8000-9136","C390","C390","8000","9136"
94,"respiratory_other","C390","9141-9582","C390","C390","9141","9582"
94,"respiratory_other","C390","9700-9701","C390","C390","9700","9701"
94,"respiratory_other","C398-C399","8000-9136","C398","C399","8000","9136"
94,"respiratory_other","C398-C399","9141-9582","C398","C399","9141","9582"
94,"respiratory_other","C398-C399","9700-9701","C398","C399","9700","9701"
141,"retinoblastoma","C690-C696","9510-9514","C690","C696","9510","9514"
141,"retinoblastoma","C698-C699","9510-9514","C698","C699","9510","9514"
103,"retroperitoneum","C480","8000-8934","C480","C480","8000","8934"
103,"retroperitoneum","C480","8940-9136","C480","C480","8940","9136"
103,"retroperitoneum","C480","9141-9582","C480","C480","9141","9582"
103,"retroperitoneum","C480","9700-9701","C480","C480","9700","9701"
29,"salivary_gland_other","C081","8000-9136","C081","C081","8000","9136"
29,"salivary_gland_other","C081","9141-9582","C081","C081","9141","9582"
29,"salivary_gland_other","C081","9700-9701","C081","C081","9700","9701"
29,"salivary_gland_other","C088-C089","8000-9136","C088","C089","8000","9136"
29,"salivary_gland_other","C088-C089","9141-9582","C088","C089","9141","9582"
29,"salivary_gland_other","C088-C089","9700-9701","C088","C089","9700","9701"
124,"scrotum","C632","8000-8246","C632","C632","8000","8246"
124,"scrotum","C632","8248-8713","C632","C632","8248","8713"
124,"scrotum","C632","8800-9136","C632","C632","8800","9136"
124,"scrotum","C632","9141-9582","C632","C632","9141","9582"
78,"sinus_ethmoid","C311","8000-8713","C311","C311","8000","8713"
78,"sinus_ethmoid","C311","8800-9136","C311","C311","8800","9136"
78,"sinus_ethmoid","C311","9141-9582","C311","C311","9141","9582"
78,"sinus_ethmoid","C311","9700-9701","C311","C311","9700","9701"
76,"sinus_maxillary","C310","8000-8713","C310","C310","8000","8713"
76,"sinus_maxillary","C310","8800-9136","C310","C310","8800","9136"
76,"sinus_maxillary","C310","9141-9582","C310","C310","9141","9582"
76,"sinus_maxillary","C310","9700-9701","C310","C310","9700","9701"
80,"sinus_other","C312-C313","8000-8713","C312","C313","8000","8713"
80,"sinus_other","C312-C313","8800-9136","C312","C313","8800","9136"
80,"sinus_other","C312-C313","9141-9582","C312","C313","9141","9582"
80,"sinus_other","C312-C313","9700-9701","C312","C313","9700","9701"
80,"sinus_other","C318-C319","8000-8713","C318","C319","8000","8713"
80,"sinus_other","C318-C319","8800-9136","C318","C319","8800","9136"
80,"sinus_other","C318-C319","9141-9582","C318","C319","9141","9582"
80,"sinus_other","C318-C319","9700-9701","C318","C319","9700","9701"
96,"skin","C440","8000-8246","C440","C440","8000","8246"
96,"skin","C440","8248-8713","C440","C440","8248","8713"
96,"skin","C440","8800-9136","C440","C440","8800","9136"
96,"skin","C440","9141-9582","C440","C440","9141","9582"
96,"skin","C442-C449","8000-8246","C442","C449","8000","8246"
96,"skin","C442-C449","8248-8713","C442","C449","8248","8713"
96,"skin","C442-C449","8800-9136","C442","C449","8800","9136"
96,"skin","C442-C449","9141-9582","C442","C449","9141","9582"
97,"skin_eyelid","C441","8000-8713","C441","C441","8000","8713"
97,"skin_eyelid","C441","8800-9136","C441","C441","8800","9136"
97,"skin_eyelid","C441","9141-9508","C441","C441","9141","9508"
97,"skin_eyelid","C441","9510-9514","C441","C441","9510","9514"
97,"skin_eyelid","C441","9520-9582","C441","C441","9520","9582"
47,"small_intestine","C170-C173","8000-8152","C170","C173","8000","8152"
47,"small_intestine","C170-C173","8154-8231","C170","C173","8154","8231"
47,"small_intestine","C170-C173","8243-8245","C170","C173","8243","8245"
47,"small_intestine","C170-C173","8247","C170","C173","8247","8247"
47,"small_intestine","C170-C173","8248","C170","C173","8248","8248"
47,"small_intestine","C170-C173","8250-8934","C170","C173","8250","8934"
47,"small_intestine","C170-C173","8940-9136","C170","C173","8940","9136"
47,"small_intestine","C170-C173","9141-9582","C170","C173","9141","9582"
47,"small_intestine","C170-C173","9700-9701","C170","C173","9700","9701"
47,"small_intestine","C178-C179","8000-8152","C178","C179","8000","8152"
47,"small_intestine","C178-C179","8154-8231","C178","C179","8154","8231"
47,"small_intestine","C178-C179","8243-8245","C178","C179","8243","8245"
47,"small_intestine","C178-C179","8247","C178","C179","8247","8247"
47,"small_intestine","C178-C179","8248","C178","C179","8248","8248"
47,"small_intestine","C178-C179","8250-8934","C178","C179","8250","8934"
47,"small_intestine","C178-C179","8940-9136","C178","C179","8940","9136"
47,"small_intestine","C178-C179","9141-9582","C178","C179","9141","9582"
47,"small_intestine","C178-C179","9700-9701","C178","C179","9700","9701"
101,"soft_tissue","C470-C476","8000-9136","C470","C476","8000","9136"
101,"soft_tissue","C470-C476","9141-9582","C470","C476","9141","9582"
101,"soft_tissue","C470-C476","9700-9701","C470","C476","9700","9701"
101,"soft_tissue","C478-C479","8000-9136","C478","C479","8000","9136"
101,"soft_tissue","C478-C479","9141-9582","C478","C479","9141","9582"
101,"soft_tissue","C478-C479","9700-9701","C478","C479","9700","9701"
101,"soft_tissue","C490-C496","8000-9136","C490","C496","8000","9136"
101,"soft_tissue","C490-C496","9141-9582","C490","C496","9141","9582"
101,"soft_tissue","C490-C496","9700-9701","C490","C496","9700","9701"
101,"soft_tissue","C498-C499","8000-9136","C498","C499","8000","9136"
101,"soft_tissue","C498-C499","9141-9582","C498","C499","9141","9582"
101,"soft_tissue","C498-C499","9700-9701","C498","C499","9700","9701"
44,"stomach","C161-C162","8000-8152","C161","C162","8000","8152"
44,"stomach","C161-C162","8154-8231","C161","C162","8154","8231"
44,"stomach","C161-C162","8243-8245","C161","C162","8243","8245"
44,"stomach","C161-C162","8247","C161","C162","8247","8247"
44,"stomach","C161-C162","8248","C161","C162","8248","8248"
44,"stomach","C161-C162","8250-8934","C161","C162","8250","8934"
44,"stomach","C161-C162","8940-9136","C161","C162","8940","9136"
44,"stomach","C161-C162","9141-9582","C161","C162","9141","9582"
44,"stomach","C161-C162","9700-9701","C161","C162","9700","9701"
28,"submandibular_gland","C080","8000-9136","C080","C080","8000","9136"
28,"submandibular_gland","C080","9141-9582","C080","C080","9141","9582"
28,"submandibular_gland","C080","9700-9701","C080","C080","9700","9701"
122,"testis","C620-C621","8000-9136","C620","C621","8000","9136"
122,"testis","C620-C621","9141-9582","C620","C621","9141","9582"
122,"testis","C620-C621","9700-9701","C620","C621","9700","9701"
122,"testis","C629","8000-9136","C629","C629","8000","9136"
122,"testis","C629","9141-9582","C629","C629","9141","9582"
122,"testis","C629","9700-9701","C629","C629","9700","9701"
146,"thyroid","C739","8000-9136","C739","C739","8000","9136"
146,"thyroid","C739","9141-9582","C739","C739","9141","9582"
146,"thyroid","C739","9700-9701","C739","C739","9700","9701"
9,"tongue_anterior","C020-C023","8000-8713","C020","C023","8000","8713"
9,"tongue_anterior","C020-C023","8800-9136","C020","C023","8800","9136"
9,"tongue_anterior","C020-C023","9141-9582","C020","C023","9141","9582"
9,"tongue_anterior","C020-C023","9700-9701","C020","C023","9700","9701"
9,"tongue_anterior","C028-C029","8000-8713","C028","C029","8000","8713"
9,"tongue_anterior","C028-C029","8800-9136","C028","C029","8800","9136"
9,"tongue_anterior","C028-C029","9141-9582","C028","C029","9141","9582"
9,"tongue_anterior","C028-C029","9700-9701","C028","C029","9700","9701"
7,"tongue_base","C019","8000-8713","C019","C019","8000","8713"
7,"tongue_base","C019","8800-9136","C019","C019","8800","9136"
7,"tongue_base","C019","9141-9582","C019","C019","9141","9582"
7,"tongue_base","C019","9700-9701","C019","C019","9700","9701"
7,"tongue_base","C024","8000-8713","C024","C024","8000","8713"
7,"tongue_base","C024","8800-9136","C024","C024","8800","9136"
7,"tongue_base","C024","9141-9582","C024","C024","9141","9582"
7,"tongue_base","C024","9700-9701","C024","C024","9700","9701"
90,"trachea","C339","8000-9136","C339","C339","8000","9136"
90,"trachea","C339","9141-9582","C339","C339","9141","9582"
90,"trachea","C339","9700-9701","C339","C339","9700","9701"
129,"urethra","C680","8000-9136","C680","C680","8000","9136"
129,"urethra","C680","9141-9582","C680","C680","9141","9582"
129,"urethra","C680","9700-9701","C680","C680","9700","9701"
130,"urinary_other","C681","8000-9136","C681","C681","8000","9136"
130,"urinary_other","C681","9141-9582","C681","C681","9141","9582"
130,"urinary_other","C681","9700-9701","C681","C681","9700","9701"
130,"urinary_other","C688-C689","8000-9136","C688","C689","8000","9136"
130,"urinary_other","C688-C689","9141-9582","C688","C689","9141","9582"
130,"urinary_other","C688-C689","9700-9701","C688","C689","9700","9701"
109,"vagina","C529","8000-9136","C529","C529","8000","9136"
109,"vagina","C529","9141-9582","C529","C529","9141","9582"
109,"vagina","C529","9700-9701","C529","C529","9700","9701"
107,"vulva","C510-C512","8000-8246","C510","C512","8000","8246"
107,"vulva","C510-C512","8248-8713","C510","C512","8248","8713"
107,"vulva","C510-C512","8800-9136","C510","C512","8800","9136"
107,"vulva","C510-C512","9141-9582","C510","C512","9141","9582"
107,"vulva","C518-C519","8000-8246","C518","C519","8000","8246"
107,"vulva","C518-C519","8248-8713","C518","C519","8248","8713"
107,"vulva","C518-C519","8800-9136","C518","C519","8800","9136"
107,"vulva","C518-C519","9141-9582","C518","C519","9141","9582"
